Country;Year;HDI_rank;HDI_value;Number_of_Cases;Detection_Rate;HDI_desc
Norway;1990;1;0.849;285;87 [77-99];VERY HIGH HUMAN DEVELOPMENT
Norway;2000;1;0.917;221;87 [77-99];VERY HIGH HUMAN DEVELOPMENT
Norway;2010;1;0.940;297;87 [77-99];VERY HIGH HUMAN DEVELOPMENT
Norway;2011;1;0.941;324;87 [77-99];VERY HIGH HUMAN DEVELOPMENT
Norway;2012;1;0.942;;;VERY HIGH HUMAN DEVELOPMENT
Norway;2013;1;0.942;;;VERY HIGH HUMAN DEVELOPMENT
Norway;2014;1;0.944;;;VERY HIGH HUMAN DEVELOPMENT
Australia;1990;2;0.865;1016;87 [77-99];VERY HIGH HUMAN DEVELOPMENT
Australia;2000;2;0.898;1043;87 [77-99];VERY HIGH HUMAN DEVELOPMENT
Australia;2010;2;0.927;1257;87 [77-99];VERY HIGH HUMAN DEVELOPMENT
Australia;2011;2;0.930;1239;87 [77-99];VERY HIGH HUMAN DEVELOPMENT
Australia;2012;2;0.932;1305;87 [77-99];VERY HIGH HUMAN DEVELOPMENT
Australia;2013;2;0.933;;;VERY HIGH HUMAN DEVELOPMENT
Australia;2014;2;0.935;;;VERY HIGH HUMAN DEVELOPMENT
Switzerland;1990;3;0.831;1278;87 [77-99];VERY HIGH HUMAN DEVELOPMENT
Switzerland;2000;3;0.888;577;87 [77-99];VERY HIGH HUMAN DEVELOPMENT
Switzerland;2010;3;0.924;508;87 [77-99];VERY HIGH HUMAN DEVELOPMENT
Switzerland;2011;3;0.925;524;87 [77-99];VERY HIGH HUMAN DEVELOPMENT
Switzerland;2012;3;0.927;416;87 [77-99];VERY HIGH HUMAN DEVELOPMENT
Switzerland;2013;3;0.928;;;VERY HIGH HUMAN DEVELOPMENT
Switzerland;2014;3;0.930;;;VERY HIGH HUMAN DEVELOPMENT
Denmark;1990;4;0.799;350;87 [77-99];VERY HIGH HUMAN DEVELOPMENT
Denmark;2000;4;0.862;587;87 [77-99];VERY HIGH HUMAN DEVELOPMENT
Denmark;2010;4;0.908;313;87 [77-99];VERY HIGH HUMAN DEVELOPMENT
Denmark;2011;4;0.920;359;87 [77-99];VERY HIGH HUMAN DEVELOPMENT
Denmark;2012;4;0.921;;;VERY HIGH HUMAN DEVELOPMENT
Denmark;2013;4;0.923;;;VERY HIGH HUMAN DEVELOPMENT
Denmark;2014;4;0.923;;;VERY HIGH HUMAN DEVELOPMENT
Netherlands;1990;5;0.829;1369;87 [77-99];VERY HIGH HUMAN DEVELOPMENT
Netherlands;2000;5;0.877;1244;87 [77-99];VERY HIGH HUMAN DEVELOPMENT
Netherlands;2010;5;0.909;1046;87 [77-99];VERY HIGH HUMAN DEVELOPMENT
Netherlands;2011;5;0.919;981;87 [77-99];VERY HIGH HUMAN DEVELOPMENT
Netherlands;2012;5;0.920;920;87 [77-99];VERY HIGH HUMAN DEVELOPMENT
Netherlands;2013;5;0.920;;;VERY HIGH HUMAN DEVELOPMENT
Netherlands;2014;5;0.922;;;VERY HIGH HUMAN DEVELOPMENT
Germany;1990;6;0.801;14653;87 [77-99];VERY HIGH HUMAN DEVELOPMENT
Germany;2000;6;0.855;9064;87 [77-99];VERY HIGH HUMAN DEVELOPMENT
Germany;2010;6;0.906;4059;87 [77-99];VERY HIGH HUMAN DEVELOPMENT
Germany;2011;6;0.911;4089;87 [77-99];VERY HIGH HUMAN DEVELOPMENT
Germany;2012;6;0.915;4043;87 [77-99];VERY HIGH HUMAN DEVELOPMENT
Germany;2013;6;0.915;;;VERY HIGH HUMAN DEVELOPMENT
Germany;2014;6;0.916;;;VERY HIGH HUMAN DEVELOPMENT
Ireland;1990;6;0.770;624;87 [77-99];VERY HIGH HUMAN DEVELOPMENT
Ireland;2000;6;0.861;386;87 [77-99];VERY HIGH HUMAN DEVELOPMENT
Ireland;2010;6;0.908;396;87 [77-99];VERY HIGH HUMAN DEVELOPMENT
Ireland;2011;6;0.909;398;87 [77-99];VERY HIGH HUMAN DEVELOPMENT
Ireland;2012;6;0.910;341;87 [77-99];VERY HIGH HUMAN DEVELOPMENT
Ireland;2013;6;0.912;;;VERY HIGH HUMAN DEVELOPMENT
Ireland;2014;6;0.916;;;VERY HIGH HUMAN DEVELOPMENT
United States;1990;8;0.859;;;VERY HIGH HUMAN DEVELOPMENT
United States;2000;8;0.883;;;VERY HIGH HUMAN DEVELOPMENT
United States;2010;8;0.909;;;VERY HIGH HUMAN DEVELOPMENT
United States;2011;8;0.911;;;VERY HIGH HUMAN DEVELOPMENT
United States;2012;8;0.912;;;VERY HIGH HUMAN DEVELOPMENT
United States;2013;8;0.913;;;VERY HIGH HUMAN DEVELOPMENT
United States;2014;8;0.915;;;VERY HIGH HUMAN DEVELOPMENT
Canada;1990;9;0.849;1997;87 [77-99];VERY HIGH HUMAN DEVELOPMENT
Canada;2000;9;0.867;1723;87 [77-99];VERY HIGH HUMAN DEVELOPMENT
Canada;2010;9;0.903;1361;87 [77-99];VERY HIGH HUMAN DEVELOPMENT
Canada;2011;9;0.909;1430;87 [77-99];VERY HIGH HUMAN DEVELOPMENT
Canada;2012;9;0.910;1653;100 [91-120];VERY HIGH HUMAN DEVELOPMENT
Canada;2013;9;0.912;;;VERY HIGH HUMAN DEVELOPMENT
Canada;2014;9;0.913;;;VERY HIGH HUMAN DEVELOPMENT
New Zealand;1990;9;0.820;348;87 [77-99];VERY HIGH HUMAN DEVELOPMENT
New Zealand;2000;9;0.874;344;87 [77-99];VERY HIGH HUMAN DEVELOPMENT
New Zealand;2010;9;0.905;301;87 [77-99];VERY HIGH HUMAN DEVELOPMENT
New Zealand;2011;9;0.907;305;87 [77-99];VERY HIGH HUMAN DEVELOPMENT
New Zealand;2012;9;0.909;293;87 [77-99];VERY HIGH HUMAN DEVELOPMENT
New Zealand;2013;9;0.911;;;VERY HIGH HUMAN DEVELOPMENT
New Zealand;2014;9;0.913;;;VERY HIGH HUMAN DEVELOPMENT
Singapore;1990;11;0.718;1591;87 [77-99];VERY HIGH HUMAN DEVELOPMENT
Singapore;2000;11;0.819;1728;87 [77-99];VERY HIGH HUMAN DEVELOPMENT
Singapore;2010;11;0.897;1560;87 [77-99];VERY HIGH HUMAN DEVELOPMENT
Singapore;2011;11;0.903;1641;87 [77-99];VERY HIGH HUMAN DEVELOPMENT
Singapore;2012;11;0.905;2301;87 [77-99];VERY HIGH HUMAN DEVELOPMENT
Singapore;2013;11;0.909;;;VERY HIGH HUMAN DEVELOPMENT
Singapore;2014;11;0.912;;;VERY HIGH HUMAN DEVELOPMENT
Hong Kong, China (SAR);1990;12;0.781;;;VERY HIGH HUMAN DEVELOPMENT
Hong Kong, China (SAR);2000;12;0.825;;;VERY HIGH HUMAN DEVELOPMENT
Hong Kong, China (SAR);2010;12;0.898;;;VERY HIGH HUMAN DEVELOPMENT
Hong Kong, China (SAR);2011;12;0.902;;;VERY HIGH HUMAN DEVELOPMENT
Hong Kong, China (SAR);2012;12;0.906;;;VERY HIGH HUMAN DEVELOPMENT
Hong Kong, China (SAR);2013;12;0.908;;;VERY HIGH HUMAN DEVELOPMENT
Hong Kong, China (SAR);2014;12;0.910;;;VERY HIGH HUMAN DEVELOPMENT
Liechtenstein;1990;13;..;;;VERY HIGH HUMAN DEVELOPMENT
Liechtenstein;2000;13;..;;;VERY HIGH HUMAN DEVELOPMENT
Liechtenstein;2010;13;0.902;;;VERY HIGH HUMAN DEVELOPMENT
Liechtenstein;2011;13;0.903;;;VERY HIGH HUMAN DEVELOPMENT
Liechtenstein;2012;13;0.906;;;VERY HIGH HUMAN DEVELOPMENT
Liechtenstein;2013;13;0.907;;;VERY HIGH HUMAN DEVELOPMENT
Liechtenstein;2014;13;0.908;;;VERY HIGH HUMAN DEVELOPMENT
Sweden;1990;14;0.815;557;87 [77-99];VERY HIGH HUMAN DEVELOPMENT
Sweden;2000;14;0.897;417;87 [77-99];VERY HIGH HUMAN DEVELOPMENT
Sweden;2010;14;0.901;623;87 [77-99];VERY HIGH HUMAN DEVELOPMENT
Sweden;2011;14;0.903;544;87 [77-99];VERY HIGH HUMAN DEVELOPMENT
Sweden;2012;14;0.904;593;87 [77-99];VERY HIGH HUMAN DEVELOPMENT
Sweden;2013;14;0.905;;;VERY HIGH HUMAN DEVELOPMENT
Sweden;2014;14;0.907;;;VERY HIGH HUMAN DEVELOPMENT
United Kingdom;1990;14;0.773;5908;89 [84-95];VERY HIGH HUMAN DEVELOPMENT
United Kingdom;2000;14;0.865;6220;89 [84-95];VERY HIGH HUMAN DEVELOPMENT
United Kingdom;2010;14;0.906;7907;89 [84-95];VERY HIGH HUMAN DEVELOPMENT
United Kingdom;2011;14;0.901;8439;89 [84-95];VERY HIGH HUMAN DEVELOPMENT
United Kingdom;2012;14;0.901;8269;88 [82-94];VERY HIGH HUMAN DEVELOPMENT
United Kingdom;2013;14;0.902;;;VERY HIGH HUMAN DEVELOPMENT
United Kingdom;2014;14;0.907;;;VERY HIGH HUMAN DEVELOPMENT
Iceland;1990;16;0.802;18;87 [77-99];VERY HIGH HUMAN DEVELOPMENT
Iceland;2000;16;0.859;13;87 [77-99];VERY HIGH HUMAN DEVELOPMENT
Iceland;2010;16;0.892;22;87 [77-99];VERY HIGH HUMAN DEVELOPMENT
Iceland;2011;16;0.896;8;87 [77-99];VERY HIGH HUMAN DEVELOPMENT
Iceland;2012;16;0.897;10;87 [77-99];VERY HIGH HUMAN DEVELOPMENT
Iceland;2013;16;0.899;;;VERY HIGH HUMAN DEVELOPMENT
Iceland;2014;16;0.899;;;VERY HIGH HUMAN DEVELOPMENT
Korea (Republic of);1990;17;0.731;;;VERY HIGH HUMAN DEVELOPMENT
Korea (Republic of);2000;17;0.821;;;VERY HIGH HUMAN DEVELOPMENT
Korea (Republic of);2010;17;0.886;;;VERY HIGH HUMAN DEVELOPMENT
Korea (Republic of);2011;17;0.891;;;VERY HIGH HUMAN DEVELOPMENT
Korea (Republic of);2012;17;0.893;;;VERY HIGH HUMAN DEVELOPMENT
Korea (Republic of);2013;17;0.895;;;VERY HIGH HUMAN DEVELOPMENT
Korea (Republic of);2014;17;0.898;;;VERY HIGH HUMAN DEVELOPMENT
Israel;1990;18;0.785;234;87 [77-99];VERY HIGH HUMAN DEVELOPMENT
Israel;2000;18;0.850;537;87 [77-99];VERY HIGH HUMAN DEVELOPMENT
Israel;2010;18;0.883;340;87 [77-99];VERY HIGH HUMAN DEVELOPMENT
Israel;2011;18;0.888;412;87 [77-99];VERY HIGH HUMAN DEVELOPMENT
Israel;2012;18;0.890;506;87 [77-99];VERY HIGH HUMAN DEVELOPMENT
Israel;2013;18;0.893;;;VERY HIGH HUMAN DEVELOPMENT
Israel;2014;18;0.894;;;VERY HIGH HUMAN DEVELOPMENT
Luxembourg;1990;19;0.779;48;87 [77-99];VERY HIGH HUMAN DEVELOPMENT
Luxembourg;2000;19;0.851;44;87 [77-99];VERY HIGH HUMAN DEVELOPMENT
Luxembourg;2010;19;0.886;29;87 [77-99];VERY HIGH HUMAN DEVELOPMENT
Luxembourg;2011;19;0.888;25;87 [77-99];VERY HIGH HUMAN DEVELOPMENT
Luxembourg;2012;19;0.888;45;130 [120-150];VERY HIGH HUMAN DEVELOPMENT
Luxembourg;2013;19;0.890;;;VERY HIGH HUMAN DEVELOPMENT
Luxembourg;2014;19;0.892;;;VERY HIGH HUMAN DEVELOPMENT
Japan;1990;20;0.814;51821;87 [77-99];VERY HIGH HUMAN DEVELOPMENT
Japan;2000;20;0.857;39384;87 [77-99];VERY HIGH HUMAN DEVELOPMENT
Japan;2010;20;0.884;22693;87 [77-99];VERY HIGH HUMAN DEVELOPMENT
Japan;2011;20;0.886;22119;87 [77-99];VERY HIGH HUMAN DEVELOPMENT
Japan;2012;20;0.888;20857;86 [76-98];VERY HIGH HUMAN DEVELOPMENT
Japan;2013;20;0.890;;;VERY HIGH HUMAN DEVELOPMENT
Japan;2014;20;0.891;;;VERY HIGH HUMAN DEVELOPMENT
Belgium;1990;21;0.806;1577;87 [77-99];VERY HIGH HUMAN DEVELOPMENT
Belgium;2000;21;0.874;1278;87 [77-99];VERY HIGH HUMAN DEVELOPMENT
Belgium;2010;21;0.883;1028;87 [77-99];VERY HIGH HUMAN DEVELOPMENT
Belgium;2011;21;0.886;985;87 [77-99];VERY HIGH HUMAN DEVELOPMENT
Belgium;2012;21;0.889;909;85 [75-97];VERY HIGH HUMAN DEVELOPMENT
Belgium;2013;21;0.888;;;VERY HIGH HUMAN DEVELOPMENT
Belgium;2014;21;0.890;;;VERY HIGH HUMAN DEVELOPMENT
France;1990;22;0.779;9030;80 [75-85];VERY HIGH HUMAN DEVELOPMENT
France;2000;22;0.848;6122;80 [75-85];VERY HIGH HUMAN DEVELOPMENT
France;2010;22;0.881;4801;80 [75-85];VERY HIGH HUMAN DEVELOPMENT
France;2011;22;0.884;4681;80 [75-85];VERY HIGH HUMAN DEVELOPMENT
France;2012;22;0.886;;;VERY HIGH HUMAN DEVELOPMENT
France;2013;22;0.887;;;VERY HIGH HUMAN DEVELOPMENT
France;2014;22;0.888;;;VERY HIGH HUMAN DEVELOPMENT
Austria;1990;23;0.794;1521;87 [77-99];VERY HIGH HUMAN DEVELOPMENT
Austria;2000;23;0.836;1185;87 [77-99];VERY HIGH HUMAN DEVELOPMENT
Austria;2010;23;0.879;659;87 [77-99];VERY HIGH HUMAN DEVELOPMENT
Austria;2011;23;0.881;671;87 [77-99];VERY HIGH HUMAN DEVELOPMENT
Austria;2012;23;0.884;620;93 [82-110];VERY HIGH HUMAN DEVELOPMENT
Austria;2013;23;0.884;;;VERY HIGH HUMAN DEVELOPMENT
Austria;2014;23;0.885;;;VERY HIGH HUMAN DEVELOPMENT
Finland;1990;24;0.783;772;87 [77-99];VERY HIGH HUMAN DEVELOPMENT
Finland;2000;24;0.857;527;87 [77-99];VERY HIGH HUMAN DEVELOPMENT
Finland;2010;24;0.878;312;87 [77-99];VERY HIGH HUMAN DEVELOPMENT
Finland;2011;24;0.881;312;87 [77-99];VERY HIGH HUMAN DEVELOPMENT
Finland;2012;24;0.882;261;87 [77-99];VERY HIGH HUMAN DEVELOPMENT
Finland;2013;24;0.882;;;VERY HIGH HUMAN DEVELOPMENT
Finland;2014;24;0.883;;;VERY HIGH HUMAN DEVELOPMENT
Slovenia;1990;25;0.766;722;87 [77-99];VERY HIGH HUMAN DEVELOPMENT
Slovenia;2000;25;0.824;368;87 [77-99];VERY HIGH HUMAN DEVELOPMENT
Slovenia;2010;25;0.876;169;87 [77-99];VERY HIGH HUMAN DEVELOPMENT
Slovenia;2011;25;0.877;181;87 [77-99];VERY HIGH HUMAN DEVELOPMENT
Slovenia;2012;25;0.878;134;87 [77-99];VERY HIGH HUMAN DEVELOPMENT
Slovenia;2013;25;0.878;;;VERY HIGH HUMAN DEVELOPMENT
Slovenia;2014;25;0.880;;;VERY HIGH HUMAN DEVELOPMENT
Spain;1990;26;0.756;7600;87 [77-99];VERY HIGH HUMAN DEVELOPMENT
Spain;2000;26;0.827;7993;87 [77-99];VERY HIGH HUMAN DEVELOPMENT
Spain;2010;26;0.867;6765;87 [77-99];VERY HIGH HUMAN DEVELOPMENT
Spain;2011;26;0.870;6392;87 [77-99];VERY HIGH HUMAN DEVELOPMENT
Spain;2012;26;0.874;5677;87 [77-99];VERY HIGH HUMAN DEVELOPMENT
Spain;2013;26;0.874;;;VERY HIGH HUMAN DEVELOPMENT
Spain;2014;26;0.876;;;VERY HIGH HUMAN DEVELOPMENT
Italy;1990;27;0.766;4246;87 [77-99];VERY HIGH HUMAN DEVELOPMENT
Italy;2000;27;0.829;3501;87 [77-99];VERY HIGH HUMAN DEVELOPMENT
Italy;2010;27;0.869;3175;87 [77-99];VERY HIGH HUMAN DEVELOPMENT
Italy;2011;27;0.873;3421;87 [77-99];VERY HIGH HUMAN DEVELOPMENT
Italy;2012;27;0.872;;;VERY HIGH HUMAN DEVELOPMENT
Italy;2013;27;0.873;;;VERY HIGH HUMAN DEVELOPMENT
Italy;2014;27;0.873;;;VERY HIGH HUMAN DEVELOPMENT
Czech Republic;1990;28;0.761;1937;87 [77-99];VERY HIGH HUMAN DEVELOPMENT
Czech Republic;2000;28;0.821;1414;87 [77-99];VERY HIGH HUMAN DEVELOPMENT
Czech Republic;2010;28;0.863;627;87 [77-99];VERY HIGH HUMAN DEVELOPMENT
Czech Republic;2011;28;0.866;569;87 [77-99];VERY HIGH HUMAN DEVELOPMENT
Czech Republic;2012;28;0.867;565;99 [88-110];VERY HIGH HUMAN DEVELOPMENT
Czech Republic;2013;28;0.868;;;VERY HIGH HUMAN DEVELOPMENT
Czech Republic;2014;28;0.870;;;VERY HIGH HUMAN DEVELOPMENT
Greece;1990;29;0.759;877;87 [77-99];VERY HIGH HUMAN DEVELOPMENT
Greece;2000;29;0.799;703;87 [77-99];VERY HIGH HUMAN DEVELOPMENT
Greece;2010;29;0.866;445;87 [77-99];VERY HIGH HUMAN DEVELOPMENT
Greece;2011;29;0.864;454;87 [77-99];VERY HIGH HUMAN DEVELOPMENT
Greece;2012;29;0.865;;;VERY HIGH HUMAN DEVELOPMENT
Greece;2013;29;0.863;;;VERY HIGH HUMAN DEVELOPMENT
Greece;2014;29;0.865;;;VERY HIGH HUMAN DEVELOPMENT
Estonia;1990;30;0.726;423;87 [77-99];VERY HIGH HUMAN DEVELOPMENT
Estonia;2000;30;0.780;791;87 [77-99];VERY HIGH HUMAN DEVELOPMENT
Estonia;2010;30;0.838;283;87 [77-99];VERY HIGH HUMAN DEVELOPMENT
Estonia;2011;30;0.849;296;87 [77-99];VERY HIGH HUMAN DEVELOPMENT
Estonia;2012;30;0.855;259;87 [77-99];VERY HIGH HUMAN DEVELOPMENT
Estonia;2013;30;0.859;;;VERY HIGH HUMAN DEVELOPMENT
Estonia;2014;30;0.861;;;VERY HIGH HUMAN DEVELOPMENT
Brunei Darussalam;1990;31;0.782;143;87 [77-99];VERY HIGH HUMAN DEVELOPMENT
Brunei Darussalam;2000;31;0.819;307;87 [77-99];VERY HIGH HUMAN DEVELOPMENT
Brunei Darussalam;2010;31;0.843;237;87 [77-99];VERY HIGH HUMAN DEVELOPMENT
Brunei Darussalam;2011;31;0.847;230;87 [77-99];VERY HIGH HUMAN DEVELOPMENT
Brunei Darussalam;2012;31;0.852;243;87 [77-99];VERY HIGH HUMAN DEVELOPMENT
Brunei Darussalam;2013;31;0.852;;;VERY HIGH HUMAN DEVELOPMENT
Brunei Darussalam;2014;31;0.856;;;VERY HIGH HUMAN DEVELOPMENT
Cyprus;1990;32;0.733;29;87 [77-99];VERY HIGH HUMAN DEVELOPMENT
Cyprus;2000;32;0.800;33;87 [77-99];VERY HIGH HUMAN DEVELOPMENT
Cyprus;2010;32;0.848;61;87 [77-99];VERY HIGH HUMAN DEVELOPMENT
Cyprus;2011;32;0.852;51;87 [77-99];VERY HIGH HUMAN DEVELOPMENT
Cyprus;2012;32;0.852;63;100 [92-120];VERY HIGH HUMAN DEVELOPMENT
Cyprus;2013;32;0.850;;;VERY HIGH HUMAN DEVELOPMENT
Cyprus;2014;32;0.850;;;VERY HIGH HUMAN DEVELOPMENT
Qatar;1990;32;0.754;184;87 [77-99];VERY HIGH HUMAN DEVELOPMENT
Qatar;2000;32;0.809;279;87 [77-99];VERY HIGH HUMAN DEVELOPMENT
Qatar;2010;32;0.844;580;87 [77-99];VERY HIGH HUMAN DEVELOPMENT
Qatar;2011;32;0.841;553;87 [77-99];VERY HIGH HUMAN DEVELOPMENT
Qatar;2012;32;0.848;728;87 [77-99];VERY HIGH HUMAN DEVELOPMENT
Qatar;2013;32;0.849;;;VERY HIGH HUMAN DEVELOPMENT
Qatar;2014;32;0.850;;;VERY HIGH HUMAN DEVELOPMENT
Andorra;1990;34;..;23;87 [77-99];VERY HIGH HUMAN DEVELOPMENT
Andorra;2000;34;..;12;87 [77-99];VERY HIGH HUMAN DEVELOPMENT
Andorra;2010;34;0.823;7;87 [77-99];VERY HIGH HUMAN DEVELOPMENT
Andorra;2011;34;0.821;3;87 [77-99];VERY HIGH HUMAN DEVELOPMENT
Andorra;2012;34;0.844;9;87 [77-99];VERY HIGH HUMAN DEVELOPMENT
Andorra;2013;34;0.844;;;VERY HIGH HUMAN DEVELOPMENT
Andorra;2014;34;0.845;;;VERY HIGH HUMAN DEVELOPMENT
Slovakia;1990;35;0.738;1448;87 [77-99];VERY HIGH HUMAN DEVELOPMENT
Slovakia;2000;35;0.763;1010;87 [77-99];VERY HIGH HUMAN DEVELOPMENT
Slovakia;2010;35;0.827;409;87 [77-99];VERY HIGH HUMAN DEVELOPMENT
Slovakia;2011;35;0.832;378;87 [77-99];VERY HIGH HUMAN DEVELOPMENT
Slovakia;2012;35;0.836;321;87 [77-99];VERY HIGH HUMAN DEVELOPMENT
Slovakia;2013;35;0.839;;;VERY HIGH HUMAN DEVELOPMENT
Slovakia;2014;35;0.844;;;VERY HIGH HUMAN DEVELOPMENT
Poland;1990;36;0.713;16136;87 [77-99];VERY HIGH HUMAN DEVELOPMENT
Poland;2000;36;0.786;10931;87 [77-99];VERY HIGH HUMAN DEVELOPMENT
Poland;2010;36;0.829;7002;87 [77-99];VERY HIGH HUMAN DEVELOPMENT
Poland;2011;36;0.833;7946;87 [77-99];VERY HIGH HUMAN DEVELOPMENT
Poland;2012;36;0.838;7054;87 [77-99];VERY HIGH HUMAN DEVELOPMENT
Poland;2013;36;0.840;;;VERY HIGH HUMAN DEVELOPMENT
Poland;2014;36;0.843;;;VERY HIGH HUMAN DEVELOPMENT
Lithuania;1990;37;0.730;1471;90 [77-110];VERY HIGH HUMAN DEVELOPMENT
Lithuania;2000;37;0.754;2657;74 [66-83];VERY HIGH HUMAN DEVELOPMENT
Lithuania;2010;37;0.827;1751;79 [69-90];VERY HIGH HUMAN DEVELOPMENT
Lithuania;2011;37;0.831;1748;83 [73-95];VERY HIGH HUMAN DEVELOPMENT
Lithuania;2012;37;0.833;1635;82 [72-93];VERY HIGH HUMAN DEVELOPMENT
Lithuania;2013;37;0.837;;;VERY HIGH HUMAN DEVELOPMENT
Lithuania;2014;37;0.839;;;VERY HIGH HUMAN DEVELOPMENT
Malta;1990;37;0.729;13;87 [77-99];VERY HIGH HUMAN DEVELOPMENT
Malta;2000;37;0.766;16;87 [77-99];VERY HIGH HUMAN DEVELOPMENT
Malta;2010;37;0.824;29;87 [77-99];VERY HIGH HUMAN DEVELOPMENT
Malta;2011;37;0.822;30;87 [77-99];VERY HIGH HUMAN DEVELOPMENT
Malta;2012;37;0.830;42;87 [77-99];VERY HIGH HUMAN DEVELOPMENT
Malta;2013;37;0.837;;;VERY HIGH HUMAN DEVELOPMENT
Malta;2014;37;0.839;;;VERY HIGH HUMAN DEVELOPMENT
Saudi Arabia;1990;39;0.690;2415;87 [77-99];VERY HIGH HUMAN DEVELOPMENT
Saudi Arabia;2000;39;0.744;3452;87 [77-99];VERY HIGH HUMAN DEVELOPMENT
Saudi Arabia;2010;39;0.805;4465;87 [77-99];VERY HIGH HUMAN DEVELOPMENT
Saudi Arabia;2011;39;0.816;3932;87 [77-99];VERY HIGH HUMAN DEVELOPMENT
Saudi Arabia;2012;39;0.826;3690;87 [77-99];VERY HIGH HUMAN DEVELOPMENT
Saudi Arabia;2013;39;0.836;;;VERY HIGH HUMAN DEVELOPMENT
Saudi Arabia;2014;39;0.837;;;VERY HIGH HUMAN DEVELOPMENT
Argentina;1990;40;0.705;12309;63 [44-97];VERY HIGH HUMAN DEVELOPMENT
Argentina;2000;40;0.762;11767;79 [66-96];VERY HIGH HUMAN DEVELOPMENT
Argentina;2010;40;0.811;7336;67 [56-80];VERY HIGH HUMAN DEVELOPMENT
Argentina;2011;40;0.818;9733;91 [76-110];VERY HIGH HUMAN DEVELOPMENT
Argentina;2012;40;0.831;8758;84 [71-100];VERY HIGH HUMAN DEVELOPMENT
Argentina;2013;40;0.833;;;VERY HIGH HUMAN DEVELOPMENT
Argentina;2014;40;0.836;;;VERY HIGH HUMAN DEVELOPMENT
United Arab Emirates;1990;41;0.726;285;130 [100-180];VERY HIGH HUMAN DEVELOPMENT
United Arab Emirates;2000;41;0.797;115;32 [24-44];VERY HIGH HUMAN DEVELOPMENT
United Arab Emirates;2010;41;0.828;131;50 [38-69];VERY HIGH HUMAN DEVELOPMENT
United Arab Emirates;2011;41;0.829;103;50 [38-69];VERY HIGH HUMAN DEVELOPMENT
United Arab Emirates;2012;41;0.831;79;50 [38-69];VERY HIGH HUMAN DEVELOPMENT
United Arab Emirates;2013;41;0.833;;;VERY HIGH HUMAN DEVELOPMENT
United Arab Emirates;2014;41;0.835;;;VERY HIGH HUMAN DEVELOPMENT
Chile;1990;42;0.699;6151;87 [77-99];VERY HIGH HUMAN DEVELOPMENT
Chile;2000;42;0.752;3021;87 [77-99];VERY HIGH HUMAN DEVELOPMENT
Chile;2010;42;0.814;2376;87 [77-99];VERY HIGH HUMAN DEVELOPMENT
Chile;2011;42;0.821;2450;87 [77-99];VERY HIGH HUMAN DEVELOPMENT
Chile;2012;42;0.827;2394;87 [77-99];VERY HIGH HUMAN DEVELOPMENT
Chile;2013;42;0.830;;;VERY HIGH HUMAN DEVELOPMENT
Chile;2014;42;0.832;;;VERY HIGH HUMAN DEVELOPMENT
Portugal;1990;43;0.710;6214;87 [77-99];VERY HIGH HUMAN DEVELOPMENT
Portugal;2000;43;0.782;4227;87 [77-99];VERY HIGH HUMAN DEVELOPMENT
Portugal;2010;43;0.819;2487;87 [77-99];VERY HIGH HUMAN DEVELOPMENT
Portugal;2011;43;0.825;2406;87 [77-99];VERY HIGH HUMAN DEVELOPMENT
Portugal;2012;43;0.827;2490;89 [79-100];VERY HIGH HUMAN DEVELOPMENT
Portugal;2013;43;0.828;;;VERY HIGH HUMAN DEVELOPMENT
Portugal;2014;43;0.830;;;VERY HIGH HUMAN DEVELOPMENT
Hungary;1990;44;0.703;3588;90 [79-100];VERY HIGH HUMAN DEVELOPMENT
Hungary;2000;44;0.769;3073;81 [71-92];VERY HIGH HUMAN DEVELOPMENT
Hungary;2010;44;0.821;1543;90 [79-100];VERY HIGH HUMAN DEVELOPMENT
Hungary;2011;44;0.823;1279;72 [63-82];VERY HIGH HUMAN DEVELOPMENT
Hungary;2012;44;0.823;1159;65 [57-75];VERY HIGH HUMAN DEVELOPMENT
Hungary;2013;44;0.825;;;VERY HIGH HUMAN DEVELOPMENT
Hungary;2014;44;0.828;;;VERY HIGH HUMAN DEVELOPMENT
Bahrain;1990;45;0.746;117;87 [77-99];VERY HIGH HUMAN DEVELOPMENT
Bahrain;2000;45;0.794;207;87 [77-99];VERY HIGH HUMAN DEVELOPMENT
Bahrain;2010;45;0.819;246;87 [77-99];VERY HIGH HUMAN DEVELOPMENT
Bahrain;2011;45;0.817;225;87 [77-99];VERY HIGH HUMAN DEVELOPMENT
Bahrain;2012;45;0.819;225;87 [77-99];VERY HIGH HUMAN DEVELOPMENT
Bahrain;2013;45;0.821;;;VERY HIGH HUMAN DEVELOPMENT
Bahrain;2014;45;0.824;;;VERY HIGH HUMAN DEVELOPMENT
Latvia;1990;46;0.692;906;59 [52-68];VERY HIGH HUMAN DEVELOPMENT
Latvia;2000;46;0.727;1982;69 [61-79];VERY HIGH HUMAN DEVELOPMENT
Latvia;2010;46;0.811;913;87 [78-98];VERY HIGH HUMAN DEVELOPMENT
Latvia;2011;46;0.812;864;87 [78-97];VERY HIGH HUMAN DEVELOPMENT
Latvia;2012;46;0.813;959;87 [80-95];VERY HIGH HUMAN DEVELOPMENT
Latvia;2013;46;0.816;;;VERY HIGH HUMAN DEVELOPMENT
Latvia;2014;46;0.819;;;VERY HIGH HUMAN DEVELOPMENT
Croatia;1990;47;0.670;2576;87 [77-99];VERY HIGH HUMAN DEVELOPMENT
Croatia;2000;47;0.749;1630;87 [77-99];VERY HIGH HUMAN DEVELOPMENT
Croatia;2010;47;0.807;688;87 [77-99];VERY HIGH HUMAN DEVELOPMENT
Croatia;2011;47;0.814;619;87 [77-99];VERY HIGH HUMAN DEVELOPMENT
Croatia;2012;47;0.817;;;VERY HIGH HUMAN DEVELOPMENT
Croatia;2013;47;0.817;;;VERY HIGH HUMAN DEVELOPMENT
Croatia;2014;47;0.818;;;VERY HIGH HUMAN DEVELOPMENT
Kuwait;1990;48;0.715;277;87 [77-99];VERY HIGH HUMAN DEVELOPMENT
Kuwait;2000;48;0.804;513;87 [77-99];VERY HIGH HUMAN DEVELOPMENT
Kuwait;2010;48;0.809;957;87 [77-99];VERY HIGH HUMAN DEVELOPMENT
Kuwait;2011;48;0.812;672;87 [77-99];VERY HIGH HUMAN DEVELOPMENT
Kuwait;2012;48;0.815;737;87 [77-99];VERY HIGH HUMAN DEVELOPMENT
Kuwait;2013;48;0.816;;;VERY HIGH HUMAN DEVELOPMENT
Kuwait;2014;48;0.816;;;VERY HIGH HUMAN DEVELOPMENT
Montenegro;1990;49;..;;;VERY HIGH HUMAN DEVELOPMENT
Montenegro;2000;49;..;;;VERY HIGH HUMAN DEVELOPMENT
Montenegro;2010;49;0.792;110;87 [78-98];VERY HIGH HUMAN DEVELOPMENT
Montenegro;2011;49;0.798;110;87 [78-97];VERY HIGH HUMAN DEVELOPMENT
Montenegro;2012;49;0.798;98;87 [78-97];VERY HIGH HUMAN DEVELOPMENT
Montenegro;2013;49;0.801;;;VERY HIGH HUMAN DEVELOPMENT
Montenegro;2014;49;0.802;;;VERY HIGH HUMAN DEVELOPMENT
Belarus;1990;50;..;3039;86 [70-110];HIGH HUMAN DEVELOPMENT
Belarus;2000;50;0.683;6799;81 [68-98];HIGH HUMAN DEVELOPMENT
Belarus;2010;50;0.786;5098;76 [63-96];HIGH HUMAN DEVELOPMENT
Belarus;2011;50;0.793;4697;71 [59-87];HIGH HUMAN DEVELOPMENT
Belarus;2012;50;0.796;4783;72 [60-89];HIGH HUMAN DEVELOPMENT
Belarus;2013;50;0.796;;;HIGH HUMAN DEVELOPMENT
Belarus;2014;50;0.798;;;HIGH HUMAN DEVELOPMENT
Russian Federation;1990;50;0.729;50641;73 [62-86];HIGH HUMAN DEVELOPMENT
Russian Federation;2000;50;0.717;140677;75 [65-89];HIGH HUMAN DEVELOPMENT
Russian Federation;2010;50;0.783;125310;83 [71-98];HIGH HUMAN DEVELOPMENT
Russian Federation;2011;50;0.790;112910;81 [69-95];HIGH HUMAN DEVELOPMENT
Russian Federation;2012;50;0.795;105753;81 [70-96];HIGH HUMAN DEVELOPMENT
Russian Federation;2013;50;0.797;;;HIGH HUMAN DEVELOPMENT
Russian Federation;2014;50;0.798;;;HIGH HUMAN DEVELOPMENT
Oman;1990;52;..;482;87 [77-99];HIGH HUMAN DEVELOPMENT
Oman;2000;52;..;321;87 [77-99];HIGH HUMAN DEVELOPMENT
Oman;2010;52;0.795;308;87 [77-99];HIGH HUMAN DEVELOPMENT
Oman;2011;52;0.793;337;87 [77-99];HIGH HUMAN DEVELOPMENT
Oman;2012;52;0.793;382;87 [77-99];HIGH HUMAN DEVELOPMENT
Oman;2013;52;0.792;;;HIGH HUMAN DEVELOPMENT
Oman;2014;52;0.793;;;HIGH HUMAN DEVELOPMENT
Romania;1990;52;0.703;16256;48 [40-58];HIGH HUMAN DEVELOPMENT
Romania;2000;52;0.706;27470;68 [57-82];HIGH HUMAN DEVELOPMENT
Romania;2010;52;0.784;18379;77 [65-94];HIGH HUMAN DEVELOPMENT
Romania;2011;52;0.786;16992;77 [64-93];HIGH HUMAN DEVELOPMENT
Romania;2012;52;0.788;16036;79 [66-95];HIGH HUMAN DEVELOPMENT
Romania;2013;52;0.791;;;HIGH HUMAN DEVELOPMENT
Romania;2014;52;0.793;;;HIGH HUMAN DEVELOPMENT
Uruguay;1990;52;0.692;886;87 [77-99];HIGH HUMAN DEVELOPMENT
Uruguay;2000;52;0.742;645;87 [77-99];HIGH HUMAN DEVELOPMENT
Uruguay;2010;52;0.780;699;87 [77-99];HIGH HUMAN DEVELOPMENT
Uruguay;2011;52;0.784;817;87 [77-99];HIGH HUMAN DEVELOPMENT
Uruguay;2012;52;0.788;808;87 [77-99];HIGH HUMAN DEVELOPMENT
Uruguay;2013;52;0.790;;;HIGH HUMAN DEVELOPMENT
Uruguay;2014;52;0.793;;;HIGH HUMAN DEVELOPMENT
Bahamas;1990;55;..;46;87 [77-99];HIGH HUMAN DEVELOPMENT
Bahamas;2000;55;0.778;82;87 [77-99];HIGH HUMAN DEVELOPMENT
Bahamas;2010;55;0.774;31;87 [77-99];HIGH HUMAN DEVELOPMENT
Bahamas;2011;55;0.778;41;87 [77-99];HIGH HUMAN DEVELOPMENT
Bahamas;2012;55;0.783;32;87 [77-99];HIGH HUMAN DEVELOPMENT
Bahamas;2013;55;0.786;;;HIGH HUMAN DEVELOPMENT
Bahamas;2014;55;0.790;;;HIGH HUMAN DEVELOPMENT
Kazakhstan;1990;56;0.690;10969;86 [74-100];HIGH HUMAN DEVELOPMENT
Kazakhstan;2000;56;0.679;25843;50 [43-60];HIGH HUMAN DEVELOPMENT
Kazakhstan;2010;56;0.766;23399;81 [69-96];HIGH HUMAN DEVELOPMENT
Kazakhstan;2011;56;0.772;25074;81 [69-96];HIGH HUMAN DEVELOPMENT
Kazakhstan;2012;56;0.778;18006;81 [69-96];HIGH HUMAN DEVELOPMENT
Kazakhstan;2013;56;0.785;;;HIGH HUMAN DEVELOPMENT
Kazakhstan;2014;56;0.788;;;HIGH HUMAN DEVELOPMENT
Barbados;1990;57;0.716;5;87 [77-99];HIGH HUMAN DEVELOPMENT
Barbados;2000;57;0.753;3;87 [77-99];HIGH HUMAN DEVELOPMENT
Barbados;2010;57;0.780;6;87 [77-99];HIGH HUMAN DEVELOPMENT
Barbados;2011;57;0.786;0;;HIGH HUMAN DEVELOPMENT
Barbados;2012;57;0.793;4;87 [77-99];HIGH HUMAN DEVELOPMENT
Barbados;2013;57;0.785;;;HIGH HUMAN DEVELOPMENT
Barbados;2014;57;0.785;;;HIGH HUMAN DEVELOPMENT
Antigua and Barbuda;1990;58;..;1;87 [77-99];HIGH HUMAN DEVELOPMENT
Antigua and Barbuda;2000;58;..;4;87 [77-99];HIGH HUMAN DEVELOPMENT
Antigua and Barbuda;2010;58;0.782;7;87 [77-99];HIGH HUMAN DEVELOPMENT
Antigua and Barbuda;2011;58;0.778;6;87 [77-99];HIGH HUMAN DEVELOPMENT
Antigua and Barbuda;2012;58;0.781;3;87 [77-99];HIGH HUMAN DEVELOPMENT
Antigua and Barbuda;2013;58;0.781;;;HIGH HUMAN DEVELOPMENT
Antigua and Barbuda;2014;58;0.783;;;HIGH HUMAN DEVELOPMENT
Bulgaria;1990;59;0.695;2256;78 [68-89];HIGH HUMAN DEVELOPMENT
Bulgaria;2000;59;0.713;3349;72 [64-83];HIGH HUMAN DEVELOPMENT
Bulgaria;2010;59;0.773;2412;86 [75-98];HIGH HUMAN DEVELOPMENT
Bulgaria;2011;59;0.775;2172;85 [74-97];HIGH HUMAN DEVELOPMENT
Bulgaria;2012;59;0.778;2081;90 [79-100];HIGH HUMAN DEVELOPMENT
Bulgaria;2013;59;0.779;;;HIGH HUMAN DEVELOPMENT
Bulgaria;2014;59;0.782;;;HIGH HUMAN DEVELOPMENT
Palau;1990;60;..;;;HIGH HUMAN DEVELOPMENT
Palau;2000;60;0.743;;;HIGH HUMAN DEVELOPMENT
Palau;2010;60;0.767;19;80 [66-98];HIGH HUMAN DEVELOPMENT
Palau;2011;60;0.770;12;80 [66-98];HIGH HUMAN DEVELOPMENT
Palau;2012;60;0.775;4;80 [66-98];HIGH HUMAN DEVELOPMENT
Palau;2013;60;0.775;;;HIGH HUMAN DEVELOPMENT
Palau;2014;60;0.780;;;HIGH HUMAN DEVELOPMENT
Panama;1990;60;0.656;846;72 [52-100];HIGH HUMAN DEVELOPMENT
Panama;2000;60;0.714;1169;81 [68-97];HIGH HUMAN DEVELOPMENT
Panama;2010;60;0.761;1496;85 [76-97];HIGH HUMAN DEVELOPMENT
Panama;2011;60;0.759;1571;88 [78-100];HIGH HUMAN DEVELOPMENT
Panama;2012;60;0.772;1520;84 [75-95];HIGH HUMAN DEVELOPMENT
Panama;2013;60;0.777;;;HIGH HUMAN DEVELOPMENT
Panama;2014;60;0.780;;;HIGH HUMAN DEVELOPMENT
Malaysia;1990;62;0.641;11702;51 [45-57];HIGH HUMAN DEVELOPMENT
Malaysia;2000;62;0.723;15057;68 [62-75];HIGH HUMAN DEVELOPMENT
Malaysia;2010;62;0.769;18517;80 [74-87];HIGH HUMAN DEVELOPMENT
Malaysia;2011;62;0.772;19808;85 [78-93];HIGH HUMAN DEVELOPMENT
Malaysia;2012;62;0.774;21851;93 [85-100];HIGH HUMAN DEVELOPMENT
Malaysia;2013;62;0.777;;;HIGH HUMAN DEVELOPMENT
Malaysia;2014;62;0.779;;;HIGH HUMAN DEVELOPMENT
Mauritius;1990;63;0.619;119;41 [28-66];HIGH HUMAN DEVELOPMENT
Mauritius;2000;63;0.674;160;55 [46-68];HIGH HUMAN DEVELOPMENT
Mauritius;2010;63;0.756;122;46 [39-56];HIGH HUMAN DEVELOPMENT
Mauritius;2011;63;0.762;114;43 [36-53];HIGH HUMAN DEVELOPMENT
Mauritius;2012;63;0.772;128;49 [41-60];HIGH HUMAN DEVELOPMENT
Mauritius;2013;63;0.775;;;HIGH HUMAN DEVELOPMENT
Mauritius;2014;63;0.777;;;HIGH HUMAN DEVELOPMENT
Seychelles;1990;64;..;41;140 [92-220];HIGH HUMAN DEVELOPMENT
Seychelles;2000;64;0.715;20;69 [57-84];HIGH HUMAN DEVELOPMENT
Seychelles;2010;64;0.743;17;61 [51-74];HIGH HUMAN DEVELOPMENT
Seychelles;2011;64;0.752;21;76 [64-92];HIGH HUMAN DEVELOPMENT
Seychelles;2012;64;0.761;20;73 [61-88];HIGH HUMAN DEVELOPMENT
Seychelles;2013;64;0.767;;;HIGH HUMAN DEVELOPMENT
Seychelles;2014;64;0.772;;;HIGH HUMAN DEVELOPMENT
Trinidad and Tobago;1990;64;0.673;120;87 [77-99];HIGH HUMAN DEVELOPMENT
Trinidad and Tobago;2000;64;0.717;198;87 [77-99];HIGH HUMAN DEVELOPMENT
Trinidad and Tobago;2010;64;0.772;219;87 [77-99];HIGH HUMAN DEVELOPMENT
Trinidad and Tobago;2011;64;0.767;224;87 [77-99];HIGH HUMAN DEVELOPMENT
Trinidad and Tobago;2012;64;0.769;274;87 [77-99];HIGH HUMAN DEVELOPMENT
Trinidad and Tobago;2013;64;0.771;;;HIGH HUMAN DEVELOPMENT
Trinidad and Tobago;2014;64;0.772;;;HIGH HUMAN DEVELOPMENT
Serbia;1990;66;0.714;;;HIGH HUMAN DEVELOPMENT
Serbia;2000;66;0.710;;;HIGH HUMAN DEVELOPMENT
Serbia;2010;66;0.757;2333;87 [77-100];HIGH HUMAN DEVELOPMENT
Serbia;2011;66;0.761;2174;87 [77-100];HIGH HUMAN DEVELOPMENT
Serbia;2012;66;0.762;1872;87 [77-100];HIGH HUMAN DEVELOPMENT
Serbia;2013;66;0.771;;;HIGH HUMAN DEVELOPMENT
Serbia;2014;66;0.771;;;HIGH HUMAN DEVELOPMENT
Cuba;1990;67;0.675;546;21 [14-34];HIGH HUMAN DEVELOPMENT
Cuba;2000;67;0.685;1183;82 [67-100];HIGH HUMAN DEVELOPMENT
Cuba;2010;67;0.778;827;79 [65-99];HIGH HUMAN DEVELOPMENT
Cuba;2011;67;0.776;805;77 [63-97];HIGH HUMAN DEVELOPMENT
Cuba;2012;67;0.772;734;70 [57-88];HIGH HUMAN DEVELOPMENT
Cuba;2013;67;0.768;;;HIGH HUMAN DEVELOPMENT
Cuba;2014;67;0.769;;;HIGH HUMAN DEVELOPMENT
Lebanon;1990;67;..;;;HIGH HUMAN DEVELOPMENT
Lebanon;2000;67;..;571;100 [90-120];HIGH HUMAN DEVELOPMENT
Lebanon;2010;67;0.756;513;85 [75-97];HIGH HUMAN DEVELOPMENT
Lebanon;2011;67;0.761;496;74 [65-84];HIGH HUMAN DEVELOPMENT
Lebanon;2012;67;0.761;630;86 [76-99];HIGH HUMAN DEVELOPMENT
Lebanon;2013;67;0.768;;;HIGH HUMAN DEVELOPMENT
Lebanon;2014;67;0.769;;;HIGH HUMAN DEVELOPMENT
Costa Rica;1990;69;0.652;230;16 [14-18];HIGH HUMAN DEVELOPMENT
Costa Rica;2000;69;0.704;585;43 [38-49];HIGH HUMAN DEVELOPMENT
Costa Rica;2010;69;0.750;492;75 [67-86];HIGH HUMAN DEVELOPMENT
Costa Rica;2011;69;0.756;514;88 [78-100];HIGH HUMAN DEVELOPMENT
Costa Rica;2012;69;0.761;475;93 [82-110];HIGH HUMAN DEVELOPMENT
Costa Rica;2013;69;0.764;;;HIGH HUMAN DEVELOPMENT
Costa Rica;2014;69;0.766;;;HIGH HUMAN DEVELOPMENT
Iran (Islamic Republic of);1990;69;0.567;9255;53 [40-72];HIGH HUMAN DEVELOPMENT
Iran (Islamic Republic of);2000;69;0.665;11850;70 [53-96];HIGH HUMAN DEVELOPMENT
Iran (Islamic Republic of);2010;69;0.743;10362;70 [53-96];HIGH HUMAN DEVELOPMENT
Iran (Islamic Republic of);2011;69;0.751;10980;70 [53-96];HIGH HUMAN DEVELOPMENT
Iran (Islamic Republic of);2012;69;0.764;11042;70 [52-97];HIGH HUMAN DEVELOPMENT
Iran (Islamic Republic of);2013;69;0.764;;;HIGH HUMAN DEVELOPMENT
Iran (Islamic Republic of);2014;69;0.766;;;HIGH HUMAN DEVELOPMENT
Venezuela (Bolivarian Republic of);1990;71;0.635;5457;78 [58-110];HIGH HUMAN DEVELOPMENT
Venezuela (Bolivarian Republic of);2000;71;0.673;6466;77 [64-95];HIGH HUMAN DEVELOPMENT
Venezuela (Bolivarian Republic of);2010;71;0.757;6451;67 [56-81];HIGH HUMAN DEVELOPMENT
Venezuela (Bolivarian Republic of);2011;71;0.761;6282;64 [54-78];HIGH HUMAN DEVELOPMENT
Venezuela (Bolivarian Republic of);2012;71;0.764;6495;65 [55-79];HIGH HUMAN DEVELOPMENT
Venezuela (Bolivarian Republic of);2013;71;0.764;;;HIGH HUMAN DEVELOPMENT
Venezuela (Bolivarian Republic of);2014;71;0.762;;;HIGH HUMAN DEVELOPMENT
Turkey;1990;72;0.576;24468;87 [77-99];HIGH HUMAN DEVELOPMENT
Turkey;2000;72;0.653;18038;87 [77-99];HIGH HUMAN DEVELOPMENT
Turkey;2010;72;0.738;15879;87 [77-99];HIGH HUMAN DEVELOPMENT
Turkey;2011;72;0.751;15054;87 [77-99];HIGH HUMAN DEVELOPMENT
Turkey;2012;72;0.756;14139;87 [77-99];HIGH HUMAN DEVELOPMENT
Turkey;2013;72;0.759;;;HIGH HUMAN DEVELOPMENT
Turkey;2014;72;0.761;;;HIGH HUMAN DEVELOPMENT
Sri Lanka;1990;73;0.620;6666;58 [40-92];HIGH HUMAN DEVELOPMENT
Sri Lanka;2000;73;0.679;8413;67 [56-83];HIGH HUMAN DEVELOPMENT
Sri Lanka;2010;73;0.738;9934;72 [61-88];HIGH HUMAN DEVELOPMENT
Sri Lanka;2011;73;0.743;10181;73 [62-89];HIGH HUMAN DEVELOPMENT
Sri Lanka;2012;73;0.749;9155;66 [55-80];HIGH HUMAN DEVELOPMENT
Sri Lanka;2013;73;0.752;;;HIGH HUMAN DEVELOPMENT
Sri Lanka;2014;73;0.757;;;HIGH HUMAN DEVELOPMENT
Mexico;1990;74;0.648;14437;25 [22-29];HIGH HUMAN DEVELOPMENT
Mexico;2000;74;0.699;18434;58 [50-67];HIGH HUMAN DEVELOPMENT
Mexico;2010;74;0.746;20155;77 [66-89];HIGH HUMAN DEVELOPMENT
Mexico;2011;74;0.748;19857;73 [63-86];HIGH HUMAN DEVELOPMENT
Mexico;2012;74;0.754;20470;75 [64-87];HIGH HUMAN DEVELOPMENT
Mexico;2013;74;0.755;;;HIGH HUMAN DEVELOPMENT
Mexico;2014;74;0.756;;;HIGH HUMAN DEVELOPMENT
Brazil;1990;75;0.608;74570;60 [41-94];HIGH HUMAN DEVELOPMENT
Brazil;2000;75;0.683;77899;74 [62-91];HIGH HUMAN DEVELOPMENT
Brazil;2010;75;0.737;74395;82 [69-99];HIGH HUMAN DEVELOPMENT
Brazil;2011;75;0.742;77647;82 [69-99];HIGH HUMAN DEVELOPMENT
Brazil;2012;75;0.746;75122;82 [69-99];HIGH HUMAN DEVELOPMENT
Brazil;2013;75;0.752;;;HIGH HUMAN DEVELOPMENT
Brazil;2014;75;0.755;;;HIGH HUMAN DEVELOPMENT
Georgia;1990;76;..;1537;10 [9-11];HIGH HUMAN DEVELOPMENT
Georgia;2000;76;0.672;4397;36 [32-41];HIGH HUMAN DEVELOPMENT
Georgia;2010;76;0.735;4678;83 [75-94];HIGH HUMAN DEVELOPMENT
Georgia;2011;76;0.740;4547;83 [74-93];HIGH HUMAN DEVELOPMENT
Georgia;2012;76;0.747;3940;78 [70-88];HIGH HUMAN DEVELOPMENT
Georgia;2013;76;0.750;;;HIGH HUMAN DEVELOPMENT
Georgia;2014;76;0.754;;;HIGH HUMAN DEVELOPMENT
Saint Kitts and Nevis;1990;77;..;0;;HIGH HUMAN DEVELOPMENT
Saint Kitts and Nevis;2000;77;..;0;;HIGH HUMAN DEVELOPMENT
Saint Kitts and Nevis;2010;77;0.739;2;87 [77-99];HIGH HUMAN DEVELOPMENT
Saint Kitts and Nevis;2011;77;0.741;1;87 [77-99];HIGH HUMAN DEVELOPMENT
Saint Kitts and Nevis;2012;77;0.743;2;87 [77-99];HIGH HUMAN DEVELOPMENT
Saint Kitts and Nevis;2013;77;0.747;;;HIGH HUMAN DEVELOPMENT
Saint Kitts and Nevis;2014;77;0.752;;;HIGH HUMAN DEVELOPMENT
Azerbaijan;1990;78;..;2620;12 [10-14];HIGH HUMAN DEVELOPMENT
Azerbaijan;2000;78;0.640;5187;9.4 [7.9-11];HIGH HUMAN DEVELOPMENT
Azerbaijan;2010;78;0.741;7550;64 [53-77];HIGH HUMAN DEVELOPMENT
Azerbaijan;2011;78;0.742;9146;88 [74-110];HIGH HUMAN DEVELOPMENT
Azerbaijan;2012;78;0.745;6363;72 [60-87];HIGH HUMAN DEVELOPMENT
Azerbaijan;2013;78;0.749;;;HIGH HUMAN DEVELOPMENT
Azerbaijan;2014;78;0.751;;;HIGH HUMAN DEVELOPMENT
Grenada;1990;79;..;0;0 [0-0];HIGH HUMAN DEVELOPMENT
Grenada;2000;79;..;0;0 [0-0];HIGH HUMAN DEVELOPMENT
Grenada;2010;79;0.737;4;93 [78-110];HIGH HUMAN DEVELOPMENT
Grenada;2011;79;0.739;2;46 [39-56];HIGH HUMAN DEVELOPMENT
Grenada;2012;79;0.740;1;23 [19-28];HIGH HUMAN DEVELOPMENT
Grenada;2013;79;0.742;;;HIGH HUMAN DEVELOPMENT
Grenada;2014;79;0.750;;;HIGH HUMAN DEVELOPMENT
Jordan;1990;80;0.623;439;91 [80-100];HIGH HUMAN DEVELOPMENT
Jordan;2000;80;0.705;306;80 [70-91];HIGH HUMAN DEVELOPMENT
Jordan;2010;80;0.743;338;83 [74-95];HIGH HUMAN DEVELOPMENT
Jordan;2011;80;0.743;328;81 [72-93];HIGH HUMAN DEVELOPMENT
Jordan;2012;80;0.746;331;82 [72-93];HIGH HUMAN DEVELOPMENT
Jordan;2013;80;0.748;;;HIGH HUMAN DEVELOPMENT
Jordan;2014;80;0.748;;;HIGH HUMAN DEVELOPMENT
The former Yugoslav Republic of Macedonia;1990;81;..;;;HIGH HUMAN DEVELOPMENT
The former Yugoslav Republic of Macedonia;2000;81;..;641;75 [63-92];HIGH HUMAN DEVELOPMENT
The former Yugoslav Republic of Macedonia;2010;81;0.738;384;87 [75-100];HIGH HUMAN DEVELOPMENT
The former Yugoslav Republic of Macedonia;2011;81;0.742;335;81 [70-94];HIGH HUMAN DEVELOPMENT
The former Yugoslav Republic of Macedonia;2012;81;0.743;346;89 [78-100];HIGH HUMAN DEVELOPMENT
The former Yugoslav Republic of Macedonia;2013;81;0.744;;;HIGH HUMAN DEVELOPMENT
The former Yugoslav Republic of Macedonia;2014;81;0.747;;;HIGH HUMAN DEVELOPMENT
Ukraine;1990;81;0.705;16465;71 [60-86];HIGH HUMAN DEVELOPMENT
Ukraine;2000;81;0.668;32945;62 [52-75];HIGH HUMAN DEVELOPMENT
Ukraine;2010;81;0.732;33857;70 [60-83];HIGH HUMAN DEVELOPMENT
Ukraine;2011;81;0.738;34237;75 [63-90];HIGH HUMAN DEVELOPMENT
Ukraine;2012;81;0.743;40990;96 [81-120];HIGH HUMAN DEVELOPMENT
Ukraine;2013;81;0.746;;;HIGH HUMAN DEVELOPMENT
Ukraine;2014;81;0.747;;;HIGH HUMAN DEVELOPMENT
Algeria;1990;83;0.574;11607;67 [52-92];HIGH HUMAN DEVELOPMENT
Algeria;2000;83;0.640;18572;67 [52-92];HIGH HUMAN DEVELOPMENT
Algeria;2010;83;0.725;22336;67 [51-91];HIGH HUMAN DEVELOPMENT
Algeria;2011;83;0.730;21429;63 [48-87];HIGH HUMAN DEVELOPMENT
Algeria;2012;83;0.732;21880;64 [49-87];HIGH HUMAN DEVELOPMENT
Algeria;2013;83;0.734;;;HIGH HUMAN DEVELOPMENT
Algeria;2014;83;0.736;;;HIGH HUMAN DEVELOPMENT
Peru;1990;84;0.613;37905;55 [37-89];HIGH HUMAN DEVELOPMENT
Peru;2000;84;0.677;38661;81 [67-98];HIGH HUMAN DEVELOPMENT
Peru;2010;84;0.718;31073;100 [88-110];HIGH HUMAN DEVELOPMENT
Peru;2011;84;0.722;31241;100 [93-120];HIGH HUMAN DEVELOPMENT
Peru;2012;84;0.728;29760;100 [92-120];HIGH HUMAN DEVELOPMENT
Peru;2013;84;0.732;;;HIGH HUMAN DEVELOPMENT
Peru;2014;84;0.734;;;HIGH HUMAN DEVELOPMENT
Albania;1990;85;0.624;653;78 [59-110];HIGH HUMAN DEVELOPMENT
Albania;2000;85;0.656;604;81 [69-95];HIGH HUMAN DEVELOPMENT
Albania;2010;85;0.722;431;81 [69-95];HIGH HUMAN DEVELOPMENT
Albania;2011;85;0.728;422;81 [69-95];HIGH HUMAN DEVELOPMENT
Albania;2012;85;0.729;408;81 [69-95];HIGH HUMAN DEVELOPMENT
Albania;2013;85;0.732;;;HIGH HUMAN DEVELOPMENT
Albania;2014;85;0.733;;;HIGH HUMAN DEVELOPMENT
Armenia;1990;85;0.632;590;94 [73-130];HIGH HUMAN DEVELOPMENT
Armenia;2000;85;0.648;1333;71 [63-81];HIGH HUMAN DEVELOPMENT
Armenia;2010;85;0.721;1410;76 [65-90];HIGH HUMAN DEVELOPMENT
Armenia;2011;85;0.723;1261;78 [65-94];HIGH HUMAN DEVELOPMENT
Armenia;2012;85;0.728;1213;79 [67-95];HIGH HUMAN DEVELOPMENT
Armenia;2013;85;0.731;;;HIGH HUMAN DEVELOPMENT
Armenia;2014;85;0.733;;;HIGH HUMAN DEVELOPMENT
Bosnia and Herzegovina;1990;85;..;4073;96 [65-160];HIGH HUMAN DEVELOPMENT
Bosnia and Herzegovina;2000;85;..;2476;100 [86-130];HIGH HUMAN DEVELOPMENT
Bosnia and Herzegovina;2010;85;0.710;1321;69 [60-81];HIGH HUMAN DEVELOPMENT
Bosnia and Herzegovina;2011;85;0.724;1360;72 [63-84];HIGH HUMAN DEVELOPMENT
Bosnia and Herzegovina;2012;85;0.726;1409;76 [66-88];HIGH HUMAN DEVELOPMENT
Bosnia and Herzegovina;2013;85;0.729;;;HIGH HUMAN DEVELOPMENT
Bosnia and Herzegovina;2014;85;0.733;;;HIGH HUMAN DEVELOPMENT
Ecuador;1990;88;0.645;8243;47 [32-76];HIGH HUMAN DEVELOPMENT
Ecuador;2000;88;0.674;6908;52 [43-63];HIGH HUMAN DEVELOPMENT
Ecuador;2010;88;0.717;4832;50 [42-60];HIGH HUMAN DEVELOPMENT
Ecuador;2011;88;0.723;5106;54 [45-66];HIGH HUMAN DEVELOPMENT
Ecuador;2012;88;0.727;5456;60 [50-73];HIGH HUMAN DEVELOPMENT
Ecuador;2013;88;0.730;;;HIGH HUMAN DEVELOPMENT
Ecuador;2014;88;0.732;;;HIGH HUMAN DEVELOPMENT
Saint Lucia;1990;89;..;13;61 [54-70];HIGH HUMAN DEVELOPMENT
Saint Lucia;2000;89;0.683;9;49 [43-56];HIGH HUMAN DEVELOPMENT
Saint Lucia;2010;89;0.730;9;73 [65-84];HIGH HUMAN DEVELOPMENT
Saint Lucia;2011;89;0.730;7;76 [67-87];HIGH HUMAN DEVELOPMENT
Saint Lucia;2012;89;0.730;11;180 [160-210];HIGH HUMAN DEVELOPMENT
Saint Lucia;2013;89;0.729;;;HIGH HUMAN DEVELOPMENT
Saint Lucia;2014;89;0.729;;;HIGH HUMAN DEVELOPMENT
China;1990;90;0.501;375481;21 [17-27];HIGH HUMAN DEVELOPMENT
China;2000;90;0.588;454372;33 [28-38];HIGH HUMAN DEVELOPMENT
China;2010;90;0.699;908399;86 [76-98];HIGH HUMAN DEVELOPMENT
China;2011;90;0.707;899669;88 [78-100];HIGH HUMAN DEVELOPMENT
China;2012;90;0.718;890645;89 [79-100];HIGH HUMAN DEVELOPMENT
China;2013;90;0.723;;;HIGH HUMAN DEVELOPMENT
China;2014;90;0.727;;;HIGH HUMAN DEVELOPMENT
Fiji;1990;90;0.631;226;28 [25-32];HIGH HUMAN DEVELOPMENT
Fiji;2000;90;0.678;144;33 [29-37];HIGH HUMAN DEVELOPMENT
Fiji;2010;90;0.717;189;79 [70-90];HIGH HUMAN DEVELOPMENT
Fiji;2011;90;0.720;215;95 [84-110];HIGH HUMAN DEVELOPMENT
Fiji;2012;90;0.722;210;99 [87-110];HIGH HUMAN DEVELOPMENT
Fiji;2013;90;0.724;;;HIGH HUMAN DEVELOPMENT
Fiji;2014;90;0.727;;;HIGH HUMAN DEVELOPMENT
Mongolia;1990;90;0.578;1659;19 [16-22];HIGH HUMAN DEVELOPMENT
Mongolia;2000;90;0.589;3109;51 [46-57];HIGH HUMAN DEVELOPMENT
Mongolia;2010;90;0.695;4458;73 [68-79];HIGH HUMAN DEVELOPMENT
Mongolia;2011;90;0.706;4217;69 [64-74];HIGH HUMAN DEVELOPMENT
Mongolia;2012;90;0.714;4128;66 [62-71];HIGH HUMAN DEVELOPMENT
Mongolia;2013;90;0.722;;;HIGH HUMAN DEVELOPMENT
Mongolia;2014;90;0.727;;;HIGH HUMAN DEVELOPMENT
Thailand;1990;93;0.572;46510;60 [50-72];HIGH HUMAN DEVELOPMENT
Thailand;2000;93;0.648;34187;32 [27-39];HIGH HUMAN DEVELOPMENT
Thailand;2010;93;0.716;67128;79 [66-95];HIGH HUMAN DEVELOPMENT
Thailand;2011;93;0.721;65824;80 [67-97];HIGH HUMAN DEVELOPMENT
Thailand;2012;93;0.723;60304;76 [64-92];HIGH HUMAN DEVELOPMENT
Thailand;2013;93;0.724;;;HIGH HUMAN DEVELOPMENT
Thailand;2014;93;0.726;;;HIGH HUMAN DEVELOPMENT
Dominica;1990;94;..;6;57 [40-91];HIGH HUMAN DEVELOPMENT
Dominica;2000;94;0.694;;;HIGH HUMAN DEVELOPMENT
Dominica;2010;94;0.723;8;86 [72-100];HIGH HUMAN DEVELOPMENT
Dominica;2011;94;0.723;2;22 [18-26];HIGH HUMAN DEVELOPMENT
Dominica;2012;94;0.723;7;75 [63-92];HIGH HUMAN DEVELOPMENT
Dominica;2013;94;0.723;;;HIGH HUMAN DEVELOPMENT
Dominica;2014;94;0.724;;;HIGH HUMAN DEVELOPMENT
Libya;1990;94;0.679;442;26 [22-32];HIGH HUMAN DEVELOPMENT
Libya;2000;94;0.731;1341;65 [54-79];HIGH HUMAN DEVELOPMENT
Libya;2010;94;0.756;;;HIGH HUMAN DEVELOPMENT
Libya;2011;94;0.711;1518;62 [52-76];HIGH HUMAN DEVELOPMENT
Libya;2012;94;0.745;1549;63 [53-77];HIGH HUMAN DEVELOPMENT
Libya;2013;94;0.738;;;HIGH HUMAN DEVELOPMENT
Libya;2014;94;0.724;;;HIGH HUMAN DEVELOPMENT
Tunisia;1990;96;0.567;2054;89 [78-100];HIGH HUMAN DEVELOPMENT
Tunisia;2000;96;0.654;2038;86 [76-98];HIGH HUMAN DEVELOPMENT
Tunisia;2010;96;0.714;2368;79 [70-90];HIGH HUMAN DEVELOPMENT
Tunisia;2011;96;0.715;3015;94 [83-110];HIGH HUMAN DEVELOPMENT
Tunisia;2012;96;0.719;3239;96 [84-110];HIGH HUMAN DEVELOPMENT
Tunisia;2013;96;0.720;;;HIGH HUMAN DEVELOPMENT
Tunisia;2014;96;0.721;;;HIGH HUMAN DEVELOPMENT
Colombia;1990;97;0.596;12447;70 [50-100];HIGH HUMAN DEVELOPMENT
Colombia;2000;97;0.654;11630;68 [56-83];HIGH HUMAN DEVELOPMENT
Colombia;2010;97;0.706;11420;71 [60-86];HIGH HUMAN DEVELOPMENT
Colombia;2011;97;0.713;11884;75 [63-91];HIGH HUMAN DEVELOPMENT
Colombia;2012;97;0.715;11424;73 [61-88];HIGH HUMAN DEVELOPMENT
Colombia;2013;97;0.718;;;HIGH HUMAN DEVELOPMENT
Colombia;2014;97;0.720;;;HIGH HUMAN DEVELOPMENT
Saint Vincent and the Grenadines;1990;97;..;2;6.8 [4.6-11];HIGH HUMAN DEVELOPMENT
Saint Vincent and the Grenadines;2000;97;0.674;16;57 [48-70];HIGH HUMAN DEVELOPMENT
Saint Vincent and the Grenadines;2010;97;0.711;15;56 [47-68];HIGH HUMAN DEVELOPMENT
Saint Vincent and the Grenadines;2011;97;0.713;17;64 [54-78];HIGH HUMAN DEVELOPMENT
Saint Vincent and the Grenadines;2012;97;0.715;30;110 [96-140];HIGH HUMAN DEVELOPMENT
Saint Vincent and the Grenadines;2013;97;0.717;;;HIGH HUMAN DEVELOPMENT
Saint Vincent and the Grenadines;2014;97;0.720;;;HIGH HUMAN DEVELOPMENT
Jamaica;1990;99;0.671;123;79 [59-110];HIGH HUMAN DEVELOPMENT
Jamaica;2000;99;0.700;127;75 [63-92];HIGH HUMAN DEVELOPMENT
Jamaica;2010;99;0.727;130;72 [61-88];HIGH HUMAN DEVELOPMENT
Jamaica;2011;99;0.727;105;58 [49-70];HIGH HUMAN DEVELOPMENT
Jamaica;2012;99;0.723;91;50 [42-61];HIGH HUMAN DEVELOPMENT
Jamaica;2013;99;0.717;;;HIGH HUMAN DEVELOPMENT
Jamaica;2014;99;0.719;;;HIGH HUMAN DEVELOPMENT
Tonga;1990;100;0.650;23;64 [54-76];HIGH HUMAN DEVELOPMENT
Tonga;2000;100;0.671;24;88 [70-110];HIGH HUMAN DEVELOPMENT
Tonga;2010;100;0.713;11;63 [54-75];HIGH HUMAN DEVELOPMENT
Tonga;2011;100;0.716;9;55 [47-66];HIGH HUMAN DEVELOPMENT
Tonga;2012;100;0.717;11;73 [62-87];HIGH HUMAN DEVELOPMENT
Tonga;2013;100;0.716;;;HIGH HUMAN DEVELOPMENT
Tonga;2014;100;0.717;;;HIGH HUMAN DEVELOPMENT
Belize;1990;101;0.644;57;76 [56-110];HIGH HUMAN DEVELOPMENT
Belize;2000;101;0.683;106;110 [93-140];HIGH HUMAN DEVELOPMENT
Belize;2010;101;0.709;145;120 [98-140];HIGH HUMAN DEVELOPMENT
Belize;2011;101;0.711;74;59 [49-72];HIGH HUMAN DEVELOPMENT
Belize;2012;101;0.716;84;65 [54-79];HIGH HUMAN DEVELOPMENT
Belize;2013;101;0.715;;;HIGH HUMAN DEVELOPMENT
Belize;2014;101;0.715;;;HIGH HUMAN DEVELOPMENT
Dominican Republic;1990;101;0.596;2597;24 [16-39];HIGH HUMAN DEVELOPMENT
Dominican Republic;2000;101;0.655;5291;61 [51-75];HIGH HUMAN DEVELOPMENT
Dominican Republic;2010;101;0.701;3964;59 [49-71];HIGH HUMAN DEVELOPMENT
Dominican Republic;2011;101;0.704;4309;66 [55-80];HIGH HUMAN DEVELOPMENT
Dominican Republic;2012;101;0.708;4262;67 [56-81];HIGH HUMAN DEVELOPMENT
Dominican Republic;2013;101;0.711;;;HIGH HUMAN DEVELOPMENT
Dominican Republic;2014;101;0.715;;;HIGH HUMAN DEVELOPMENT
Suriname;1990;103;..;82;32 [22-50];HIGH HUMAN DEVELOPMENT
Suriname;2000;103;..;89;22 [15-34];HIGH HUMAN DEVELOPMENT
Suriname;2010;103;0.707;194;79 [57-120];HIGH HUMAN DEVELOPMENT
Suriname;2011;103;0.709;125;54 [41-74];HIGH HUMAN DEVELOPMENT
Suriname;2012;103;0.711;128;58 [44-80];HIGH HUMAN DEVELOPMENT
Suriname;2013;103;0.713;;;HIGH HUMAN DEVELOPMENT
Suriname;2014;103;0.714;;;HIGH HUMAN DEVELOPMENT
Maldives;1990;104;..;152;47 [32-76];HIGH HUMAN DEVELOPMENT
Maldives;2000;104;0.603;132;80 [66-98];HIGH HUMAN DEVELOPMENT
Maldives;2010;104;0.683;95;80 [66-98];HIGH HUMAN DEVELOPMENT
Maldives;2011;104;0.690;87;80 [66-98];HIGH HUMAN DEVELOPMENT
Maldives;2012;104;0.695;110;80 [66-98];HIGH HUMAN DEVELOPMENT
Maldives;2013;104;0.703;;;HIGH HUMAN DEVELOPMENT
Maldives;2014;104;0.706;;;HIGH HUMAN DEVELOPMENT
Samoa;1990;105;0.621;44;75 [62-93];HIGH HUMAN DEVELOPMENT
Samoa;2000;105;0.649;43;110 [82-140];HIGH HUMAN DEVELOPMENT
Samoa;2010;105;0.696;14;45 [37-56];HIGH HUMAN DEVELOPMENT
Samoa;2011;105;0.698;20;62 [51-78];HIGH HUMAN DEVELOPMENT
Samoa;2012;105;0.700;22;66 [55-82];HIGH HUMAN DEVELOPMENT
Samoa;2013;105;0.701;;;HIGH HUMAN DEVELOPMENT
Samoa;2014;105;0.702;;;HIGH HUMAN DEVELOPMENT
Botswana;1990;106;0.584;2938;40 [21-100];MEDIUM HUMAN DEVELOPMENT
Botswana;2000;106;0.561;9292;58 [47-72];MEDIUM HUMAN DEVELOPMENT
Botswana;2010;106;0.681;7013;71 [64-79];MEDIUM HUMAN DEVELOPMENT
Botswana;2011;106;0.688;6603;73 [66-82];MEDIUM HUMAN DEVELOPMENT
Botswana;2012;106;0.691;6161;75 [68-84];MEDIUM HUMAN DEVELOPMENT
Botswana;2013;106;0.696;;;MEDIUM HUMAN DEVELOPMENT
Botswana;2014;106;0.698;;;MEDIUM HUMAN DEVELOPMENT
Moldova (Republic of);1990;107;0.652;;;MEDIUM HUMAN DEVELOPMENT
Moldova (Republic of);2000;107;0.597;;;MEDIUM HUMAN DEVELOPMENT
Moldova (Republic of);2010;107;0.672;;;MEDIUM HUMAN DEVELOPMENT
Moldova (Republic of);2011;107;0.679;;;MEDIUM HUMAN DEVELOPMENT
Moldova (Republic of);2012;107;0.683;;;MEDIUM HUMAN DEVELOPMENT
Moldova (Republic of);2013;107;0.690;;;MEDIUM HUMAN DEVELOPMENT
Moldova (Republic of);2014;107;0.693;;;MEDIUM HUMAN DEVELOPMENT
Egypt;1990;108;0.546;2142;11 [9.4-13];MEDIUM HUMAN DEVELOPMENT
Egypt;2000;108;0.622;10762;63 [54-75];MEDIUM HUMAN DEVELOPMENT
Egypt;2010;108;0.681;9260;66 [57-78];MEDIUM HUMAN DEVELOPMENT
Egypt;2011;108;0.682;8974;65 [56-76];MEDIUM HUMAN DEVELOPMENT
Egypt;2012;108;0.688;8453;62 [54-73];MEDIUM HUMAN DEVELOPMENT
Egypt;2013;108;0.689;;;MEDIUM HUMAN DEVELOPMENT
Egypt;2014;108;0.690;;;MEDIUM HUMAN DEVELOPMENT
Turkmenistan;1990;109;..;2325;67 [55-83];MEDIUM HUMAN DEVELOPMENT
Turkmenistan;2000;109;..;4038;43 [36-53];MEDIUM HUMAN DEVELOPMENT
Turkmenistan;2010;109;0.666;3230;62 [53-74];MEDIUM HUMAN DEVELOPMENT
Turkmenistan;2011;109;0.671;;;MEDIUM HUMAN DEVELOPMENT
Turkmenistan;2012;109;0.677;;;MEDIUM HUMAN DEVELOPMENT
Turkmenistan;2013;109;0.682;;;MEDIUM HUMAN DEVELOPMENT
Turkmenistan;2014;109;0.688;;;MEDIUM HUMAN DEVELOPMENT
Gabon;1990;110;0.620;917;44 [37-53];MEDIUM HUMAN DEVELOPMENT
Gabon;2000;110;0.632;;;MEDIUM HUMAN DEVELOPMENT
Gabon;2010;110;0.663;3790;51 [43-62];MEDIUM HUMAN DEVELOPMENT
Gabon;2011;110;0.668;4404;61 [52-74];MEDIUM HUMAN DEVELOPMENT
Gabon;2012;110;0.673;4929;71 [59-85];MEDIUM HUMAN DEVELOPMENT
Gabon;2013;110;0.679;;;MEDIUM HUMAN DEVELOPMENT
Gabon;2014;110;0.684;;;MEDIUM HUMAN DEVELOPMENT
Indonesia;1990;110;0.531;74470;20 [15-28];MEDIUM HUMAN DEVELOPMENT
Indonesia;2000;110;0.606;84591;20 [16-25];MEDIUM HUMAN DEVELOPMENT
Indonesia;2010;110;0.665;300659;66 [56-80];MEDIUM HUMAN DEVELOPMENT
Indonesia;2011;110;0.671;318949;70 [59-85];MEDIUM HUMAN DEVELOPMENT
Indonesia;2012;110;0.678;328824;72 [61-87];MEDIUM HUMAN DEVELOPMENT
Indonesia;2013;110;0.681;;;MEDIUM HUMAN DEVELOPMENT
Indonesia;2014;110;0.684;;;MEDIUM HUMAN DEVELOPMENT
Paraguay;1990;112;0.579;2167;77 [71-84];MEDIUM HUMAN DEVELOPMENT
Paraguay;2000;112;0.623;1950;74 [69-81];MEDIUM HUMAN DEVELOPMENT
Paraguay;2010;112;0.668;2352;79 [73-86];MEDIUM HUMAN DEVELOPMENT
Paraguay;2011;112;0.671;2372;79 [73-86];MEDIUM HUMAN DEVELOPMENT
Paraguay;2012;112;0.669;2416;81 [75-88];MEDIUM HUMAN DEVELOPMENT
Paraguay;2013;112;0.677;;;MEDIUM HUMAN DEVELOPMENT
Paraguay;2014;112;0.679;;;MEDIUM HUMAN DEVELOPMENT
Palestine, State of;1990;113;..;;;MEDIUM HUMAN DEVELOPMENT
Palestine, State of;2000;113;..;;;MEDIUM HUMAN DEVELOPMENT
Palestine, State of;2010;113;0.670;;;MEDIUM HUMAN DEVELOPMENT
Palestine, State of;2011;113;0.675;;;MEDIUM HUMAN DEVELOPMENT
Palestine, State of;2012;113;0.685;;;MEDIUM HUMAN DEVELOPMENT
Palestine, State of;2013;113;0.679;;;MEDIUM HUMAN DEVELOPMENT
Palestine, State of;2014;113;0.677;;;MEDIUM HUMAN DEVELOPMENT
Uzbekistan;1990;114;..;9414;37 [31-44];MEDIUM HUMAN DEVELOPMENT
Uzbekistan;2000;114;0.594;15750;22 [19-27];MEDIUM HUMAN DEVELOPMENT
Uzbekistan;2010;114;0.655;16883;50 [42-60];MEDIUM HUMAN DEVELOPMENT
Uzbekistan;2011;114;0.661;15345;54 [45-65];MEDIUM HUMAN DEVELOPMENT
Uzbekistan;2012;114;0.668;14832;66 [56-80];MEDIUM HUMAN DEVELOPMENT
Uzbekistan;2013;114;0.672;;;MEDIUM HUMAN DEVELOPMENT
Uzbekistan;2014;114;0.675;;;MEDIUM HUMAN DEVELOPMENT
Philippines;1990;115;0.586;317008;130 [88-210];MEDIUM HUMAN DEVELOPMENT
Philippines;2000;115;0.623;119914;47 [39-57];MEDIUM HUMAN DEVELOPMENT
Philippines;2010;115;0.654;166323;65 [54-79];MEDIUM HUMAN DEVELOPMENT
Philippines;2011;115;0.653;195560;76 [64-92];MEDIUM HUMAN DEVELOPMENT
Philippines;2012;115;0.657;216627;84 [71-100];MEDIUM HUMAN DEVELOPMENT
Philippines;2013;115;0.664;;;MEDIUM HUMAN DEVELOPMENT
Philippines;2014;115;0.668;;;MEDIUM HUMAN DEVELOPMENT
El Salvador;1990;116;0.522;2367;70 [50-100];MEDIUM HUMAN DEVELOPMENT
El Salvador;2000;116;0.603;1485;68 [56-83];MEDIUM HUMAN DEVELOPMENT
El Salvador;2010;116;0.653;1700;96 [83-110];MEDIUM HUMAN DEVELOPMENT
El Salvador;2011;116;0.658;1896;110 [98-130];MEDIUM HUMAN DEVELOPMENT
El Salvador;2012;116;0.662;2053;130 [110-150];MEDIUM HUMAN DEVELOPMENT
El Salvador;2013;116;0.664;;;MEDIUM HUMAN DEVELOPMENT
El Salvador;2014;116;0.666;;;MEDIUM HUMAN DEVELOPMENT
South Africa;1990;116;0.621;80400;73 [53-110];MEDIUM HUMAN DEVELOPMENT
South Africa;2000;116;0.632;151239;59 [49-72];MEDIUM HUMAN DEVELOPMENT
South Africa;2010;116;0.643;354786;70 [59-85];MEDIUM HUMAN DEVELOPMENT
South Africa;2011;116;0.651;362453;70 [59-85];MEDIUM HUMAN DEVELOPMENT
South Africa;2012;116;0.659;323664;62 [52-75];MEDIUM HUMAN DEVELOPMENT
South Africa;2013;116;0.663;;;MEDIUM HUMAN DEVELOPMENT
South Africa;2014;116;0.666;;;MEDIUM HUMAN DEVELOPMENT
Viet Nam;1990;116;0.475;50203;29 [21-42];MEDIUM HUMAN DEVELOPMENT
Viet Nam;2000;116;0.575;89792;56 [43-78];MEDIUM HUMAN DEVELOPMENT
Viet Nam;2010;116;0.653;97448;70 [54-95];MEDIUM HUMAN DEVELOPMENT
Viet Nam;2011;116;0.657;98804;73 [56-98];MEDIUM HUMAN DEVELOPMENT
Viet Nam;2012;116;0.660;102112;76 [59-100];MEDIUM HUMAN DEVELOPMENT
Viet Nam;2013;116;0.663;;;MEDIUM HUMAN DEVELOPMENT
Viet Nam;2014;116;0.666;;;MEDIUM HUMAN DEVELOPMENT
Bolivia (Plurinational State of);1990;119;0.536;11166;65 [46-99];MEDIUM HUMAN DEVELOPMENT
Bolivia (Plurinational State of);2000;119;0.603;10127;65 [54-79];MEDIUM HUMAN DEVELOPMENT
Bolivia (Plurinational State of);2010;119;0.641;8363;61 [51-74];MEDIUM HUMAN DEVELOPMENT
Bolivia (Plurinational State of);2011;119;0.647;8521;63 [53-76];MEDIUM HUMAN DEVELOPMENT
Bolivia (Plurinational State of);2012;119;0.654;8257;62 [52-75];MEDIUM HUMAN DEVELOPMENT
Bolivia (Plurinational State of);2013;119;0.658;;;MEDIUM HUMAN DEVELOPMENT
Bolivia (Plurinational State of);2014;119;0.662;;;MEDIUM HUMAN DEVELOPMENT
Kyrgyzstan;1990;120;0.615;2306;57 [48-69];MEDIUM HUMAN DEVELOPMENT
Kyrgyzstan;2000;120;0.593;6205;50 [42-61];MEDIUM HUMAN DEVELOPMENT
Kyrgyzstan;2010;120;0.634;5652;75 [63-91];MEDIUM HUMAN DEVELOPMENT
Kyrgyzstan;2011;120;0.639;5980;78 [66-95];MEDIUM HUMAN DEVELOPMENT
Kyrgyzstan;2012;120;0.645;6195;80 [67-97];MEDIUM HUMAN DEVELOPMENT
Kyrgyzstan;2013;120;0.652;;;MEDIUM HUMAN DEVELOPMENT
Kyrgyzstan;2014;120;0.655;;;MEDIUM HUMAN DEVELOPMENT
Iraq;1990;121;0.572;14735;160 [140-180];MEDIUM HUMAN DEVELOPMENT
Iraq;2000;121;0.606;9697;81 [71-93];MEDIUM HUMAN DEVELOPMENT
Iraq;2010;121;0.645;9707;69 [61-79];MEDIUM HUMAN DEVELOPMENT
Iraq;2011;121;0.648;8837;62 [54-71];MEDIUM HUMAN DEVELOPMENT
Iraq;2012;121;0.654;8664;59 [52-68];MEDIUM HUMAN DEVELOPMENT
Iraq;2013;121;0.657;;;MEDIUM HUMAN DEVELOPMENT
Iraq;2014;121;0.654;;;MEDIUM HUMAN DEVELOPMENT
Cabo Verde;1990;122;..;221;36 [24-58];MEDIUM HUMAN DEVELOPMENT
Cabo Verde;2000;122;0.572;;;MEDIUM HUMAN DEVELOPMENT
Cabo Verde;2010;122;0.629;356;50 [42-60];MEDIUM HUMAN DEVELOPMENT
Cabo Verde;2011;122;0.637;380;53 [45-65];MEDIUM HUMAN DEVELOPMENT
Cabo Verde;2012;122;0.639;420;59 [49-72];MEDIUM HUMAN DEVELOPMENT
Cabo Verde;2013;122;0.643;;;MEDIUM HUMAN DEVELOPMENT
Cabo Verde;2014;122;0.646;;;MEDIUM HUMAN DEVELOPMENT
Micronesia (Federated States of);1990;123;..;367;100 [46-370];MEDIUM HUMAN DEVELOPMENT
Micronesia (Federated States of);2000;123;0.603;91;30 [23-42];MEDIUM HUMAN DEVELOPMENT
Micronesia (Federated States of);2010;123;0.638;164;77 [43-180];MEDIUM HUMAN DEVELOPMENT
Micronesia (Federated States of);2011;123;0.640;148;72 [40-170];MEDIUM HUMAN DEVELOPMENT
Micronesia (Federated States of);2012;123;0.641;144;72 [40-170];MEDIUM HUMAN DEVELOPMENT
Micronesia (Federated States of);2013;123;0.639;;;MEDIUM HUMAN DEVELOPMENT
Micronesia (Federated States of);2014;123;0.640;;;MEDIUM HUMAN DEVELOPMENT
Guyana;1990;124;0.542;168;26 [18-42];MEDIUM HUMAN DEVELOPMENT
Guyana;2000;124;0.602;422;54 [45-67];MEDIUM HUMAN DEVELOPMENT
Guyana;2010;124;0.624;712;82 [68-99];MEDIUM HUMAN DEVELOPMENT
Guyana;2011;124;0.630;710;82 [68-99];MEDIUM HUMAN DEVELOPMENT
Guyana;2012;124;0.629;748;86 [72-100];MEDIUM HUMAN DEVELOPMENT
Guyana;2013;124;0.634;;;MEDIUM HUMAN DEVELOPMENT
Guyana;2014;124;0.636;;;MEDIUM HUMAN DEVELOPMENT
Nicaragua;1990;125;0.495;2944;66 [47-100];MEDIUM HUMAN DEVELOPMENT
Nicaragua;2000;125;0.565;2402;70 [58-85];MEDIUM HUMAN DEVELOPMENT
Nicaragua;2010;125;0.619;2448;100 [86-120];MEDIUM HUMAN DEVELOPMENT
Nicaragua;2011;125;0.623;2693;110 [98-130];MEDIUM HUMAN DEVELOPMENT
Nicaragua;2012;125;0.625;2790;120 [110-140];MEDIUM HUMAN DEVELOPMENT
Nicaragua;2013;125;0.628;;;MEDIUM HUMAN DEVELOPMENT
Nicaragua;2014;125;0.631;;;MEDIUM HUMAN DEVELOPMENT
Morocco;1990;126;0.457;27658;76 [59-100];MEDIUM HUMAN DEVELOPMENT
Morocco;2000;126;0.528;28852;86 [76-98];MEDIUM HUMAN DEVELOPMENT
Morocco;2010;126;0.611;28359;89 [79-100];MEDIUM HUMAN DEVELOPMENT
Morocco;2011;126;0.621;28640;87 [77-99];MEDIUM HUMAN DEVELOPMENT
Morocco;2012;126;0.623;28635;86 [75-98];MEDIUM HUMAN DEVELOPMENT
Morocco;2013;126;0.626;;;MEDIUM HUMAN DEVELOPMENT
Morocco;2014;126;0.628;;;MEDIUM HUMAN DEVELOPMENT
Namibia;1990;126;0.578;2671;50 [40-63];MEDIUM HUMAN DEVELOPMENT
Namibia;2000;126;0.556;10799;40 [33-51];MEDIUM HUMAN DEVELOPMENT
Namibia;2010;126;0.610;11281;60 [48-75];MEDIUM HUMAN DEVELOPMENT
Namibia;2011;126;0.616;10806;67 [55-85];MEDIUM HUMAN DEVELOPMENT
Namibia;2012;126;0.620;10003;68 [55-84];MEDIUM HUMAN DEVELOPMENT
Namibia;2013;126;0.625;;;MEDIUM HUMAN DEVELOPMENT
Namibia;2014;126;0.628;;;MEDIUM HUMAN DEVELOPMENT
Guatemala;1990;128;0.483;3813;58 [39-92];MEDIUM HUMAN DEVELOPMENT
Guatemala;2000;128;0.552;2913;38 [32-47];MEDIUM HUMAN DEVELOPMENT
Guatemala;2010;128;0.611;3322;38 [32-46];MEDIUM HUMAN DEVELOPMENT
Guatemala;2011;128;0.617;3040;34 [28-41];MEDIUM HUMAN DEVELOPMENT
Guatemala;2012;128;0.624;3442;38 [32-46];MEDIUM HUMAN DEVELOPMENT
Guatemala;2013;128;0.626;;;MEDIUM HUMAN DEVELOPMENT
Guatemala;2014;128;0.627;;;MEDIUM HUMAN DEVELOPMENT
Tajikistan;1990;129;0.616;2460;67 [56-81];MEDIUM HUMAN DEVELOPMENT
Tajikistan;2000;129;0.535;2779;20 [17-25];MEDIUM HUMAN DEVELOPMENT
Tajikistan;2010;129;0.608;6994;71 [60-86];MEDIUM HUMAN DEVELOPMENT
Tajikistan;2011;129;0.612;7035;76 [64-93];MEDIUM HUMAN DEVELOPMENT
Tajikistan;2012;129;0.617;6508;75 [63-91];MEDIUM HUMAN DEVELOPMENT
Tajikistan;2013;129;0.621;;;MEDIUM HUMAN DEVELOPMENT
Tajikistan;2014;129;0.624;;;MEDIUM HUMAN DEVELOPMENT
India;1990;130;0.428;1519182;81 [69-96];MEDIUM HUMAN DEVELOPMENT
India;2000;130;0.496;1115718;49 [45-55];MEDIUM HUMAN DEVELOPMENT
India;2010;130;0.586;1339866;60 [54-66];MEDIUM HUMAN DEVELOPMENT
India;2011;130;0.597;1323949;60 [54-66];MEDIUM HUMAN DEVELOPMENT
India;2012;130;0.600;1289836;59 [54-66];MEDIUM HUMAN DEVELOPMENT
India;2013;130;0.604;;;MEDIUM HUMAN DEVELOPMENT
India;2014;130;0.609;;;MEDIUM HUMAN DEVELOPMENT
Honduras;1990;131;0.507;3647;66 [46-100];MEDIUM HUMAN DEVELOPMENT
Honduras;2000;131;0.557;6406;90 [63-140];MEDIUM HUMAN DEVELOPMENT
Honduras;2010;131;0.610;2876;70 [49-110];MEDIUM HUMAN DEVELOPMENT
Honduras;2011;131;0.612;3233;77 [54-120];MEDIUM HUMAN DEVELOPMENT
Honduras;2012;131;0.607;3014;70 [49-110];MEDIUM HUMAN DEVELOPMENT
Honduras;2013;131;0.604;;;MEDIUM HUMAN DEVELOPMENT
Honduras;2014;131;0.606;;;MEDIUM HUMAN DEVELOPMENT
Bhutan;1990;132;..;1154;27 [24-32];MEDIUM HUMAN DEVELOPMENT
Bhutan;2000;132;..;1140;50 [44-59];MEDIUM HUMAN DEVELOPMENT
Bhutan;2010;132;0.573;1311;89 [77-100];MEDIUM HUMAN DEVELOPMENT
Bhutan;2011;132;0.582;1235;88 [76-100];MEDIUM HUMAN DEVELOPMENT
Bhutan;2012;132;0.589;1130;85 [73-99];MEDIUM HUMAN DEVELOPMENT
Bhutan;2013;132;0.595;;;MEDIUM HUMAN DEVELOPMENT
Bhutan;2014;132;0.605;;;MEDIUM HUMAN DEVELOPMENT
Timor-Leste;1990;133;..;;;MEDIUM HUMAN DEVELOPMENT
Timor-Leste;2000;133;0.468;;;MEDIUM HUMAN DEVELOPMENT
Timor-Leste;2010;133;0.600;;;MEDIUM HUMAN DEVELOPMENT
Timor-Leste;2011;133;0.611;4386;80 [67-98];MEDIUM HUMAN DEVELOPMENT
Timor-Leste;2012;133;0.604;3828;69 [58-84];MEDIUM HUMAN DEVELOPMENT
Timor-Leste;2013;133;0.601;;;MEDIUM HUMAN DEVELOPMENT
Timor-Leste;2014;133;0.595;;;MEDIUM HUMAN DEVELOPMENT
Syrian Arab Republic;1990;134;0.553;6018;80 [59-110];MEDIUM HUMAN DEVELOPMENT
Syrian Arab Republic;2000;134;0.586;5090;89 [77-100];MEDIUM HUMAN DEVELOPMENT
Syrian Arab Republic;2010;134;0.639;3666;86 [72-100];MEDIUM HUMAN DEVELOPMENT
Syrian Arab Republic;2011;134;0.635;3620;88 [74-110];MEDIUM HUMAN DEVELOPMENT
Syrian Arab Republic;2012;134;0.623;3003;77 [65-93];MEDIUM HUMAN DEVELOPMENT
Syrian Arab Republic;2013;134;0.608;;;MEDIUM HUMAN DEVELOPMENT
Syrian Arab Republic;2014;134;0.594;;;MEDIUM HUMAN DEVELOPMENT
Vanuatu;1990;134;..;140;75 [62-93];MEDIUM HUMAN DEVELOPMENT
Vanuatu;2000;134;..;152;75 [62-93];MEDIUM HUMAN DEVELOPMENT
Vanuatu;2010;134;0.589;116;71 [59-86];MEDIUM HUMAN DEVELOPMENT
Vanuatu;2011;134;0.590;110;68 [57-83];MEDIUM HUMAN DEVELOPMENT
Vanuatu;2012;134;0.590;125;78 [66-95];MEDIUM HUMAN DEVELOPMENT
Vanuatu;2013;134;0.592;;;MEDIUM HUMAN DEVELOPMENT
Vanuatu;2014;134;0.594;;;MEDIUM HUMAN DEVELOPMENT
Congo;1990;136;0.534;591;15 [9.9-24];MEDIUM HUMAN DEVELOPMENT
Congo;2000;136;0.489;9239;84 [72-99];MEDIUM HUMAN DEVELOPMENT
Congo;2010;136;0.554;10150;63 [53-77];MEDIUM HUMAN DEVELOPMENT
Congo;2011;136;0.560;10975;67 [56-82];MEDIUM HUMAN DEVELOPMENT
Congo;2012;136;0.575;11303;68 [57-84];MEDIUM HUMAN DEVELOPMENT
Congo;2013;136;0.582;;;MEDIUM HUMAN DEVELOPMENT
Congo;2014;136;0.591;;;MEDIUM HUMAN DEVELOPMENT
Kiribati;1990;137;..;68;82 [67-100];MEDIUM HUMAN DEVELOPMENT
Kiribati;2000;137;..;252;82 [67-100];MEDIUM HUMAN DEVELOPMENT
Kiribati;2010;137;0.588;286;80 [66-98];MEDIUM HUMAN DEVELOPMENT
Kiribati;2011;137;0.585;343;80 [66-98];MEDIUM HUMAN DEVELOPMENT
Kiribati;2012;137;0.587;346;80 [66-98];MEDIUM HUMAN DEVELOPMENT
Kiribati;2013;137;0.588;;;MEDIUM HUMAN DEVELOPMENT
Kiribati;2014;137;0.590;;;MEDIUM HUMAN DEVELOPMENT
Equatorial Guinea;1990;138;..;260;87 [77-99];MEDIUM HUMAN DEVELOPMENT
Equatorial Guinea;2000;138;0.526;;;MEDIUM HUMAN DEVELOPMENT
Equatorial Guinea;2010;138;0.591;820;87 [77-99];MEDIUM HUMAN DEVELOPMENT
Equatorial Guinea;2011;138;0.590;883;87 [77-99];MEDIUM HUMAN DEVELOPMENT
Equatorial Guinea;2012;138;0.584;;;MEDIUM HUMAN DEVELOPMENT
Equatorial Guinea;2013;138;0.584;;;MEDIUM HUMAN DEVELOPMENT
Equatorial Guinea;2014;138;0.587;;;MEDIUM HUMAN DEVELOPMENT
Zambia;1990;139;0.403;16863;30 [27-34];MEDIUM HUMAN DEVELOPMENT
Zambia;2000;139;0.433;49806;69 [64-75];MEDIUM HUMAN DEVELOPMENT
Zambia;2010;139;0.555;44154;72 [66-80];MEDIUM HUMAN DEVELOPMENT
Zambia;2011;139;0.565;43583;72 [65-80];MEDIUM HUMAN DEVELOPMENT
Zambia;2012;139;0.576;40726;68 [62-75];MEDIUM HUMAN DEVELOPMENT
Zambia;2013;139;0.580;;;MEDIUM HUMAN DEVELOPMENT
Zambia;2014;139;0.586;;;MEDIUM HUMAN DEVELOPMENT
Ghana;1990;140;0.456;6407;28 [16-63];MEDIUM HUMAN DEVELOPMENT
Ghana;2000;140;0.485;10933;38 [26-60];MEDIUM HUMAN DEVELOPMENT
Ghana;2010;140;0.554;14607;70 [62-80];MEDIUM HUMAN DEVELOPMENT
Ghana;2011;140;0.566;15389;79 [70-90];MEDIUM HUMAN DEVELOPMENT
Ghana;2012;140;0.572;14753;81 [71-92];MEDIUM HUMAN DEVELOPMENT
Ghana;2013;140;0.577;;;MEDIUM HUMAN DEVELOPMENT
Ghana;2014;140;0.579;;;MEDIUM HUMAN DEVELOPMENT
Lao People's Democratic Republic;1990;141;0.397;1826;8.7 [5.9-14];MEDIUM HUMAN DEVELOPMENT
Lao People's Democratic Republic;2000;141;0.462;2227;13 [8.5-20];MEDIUM HUMAN DEVELOPMENT
Lao People's Democratic Republic;2010;141;0.539;4061;29 [19-46];MEDIUM HUMAN DEVELOPMENT
Lao People's Democratic Republic;2011;141;0.552;4360;31 [21-51];MEDIUM HUMAN DEVELOPMENT
Lao People's Democratic Republic;2012;141;0.562;4118;30 [21-49];MEDIUM HUMAN DEVELOPMENT
Lao People's Democratic Republic;2013;141;0.570;;;MEDIUM HUMAN DEVELOPMENT
Lao People's Democratic Republic;2014;141;0.575;;;MEDIUM HUMAN DEVELOPMENT
Bangladesh;1990;142;0.386;48673;20 [14-33];MEDIUM HUMAN DEVELOPMENT
Bangladesh;2000;142;0.468;75557;25 [21-31];MEDIUM HUMAN DEVELOPMENT
Bangladesh;2010;142;0.546;153892;45 [38-55];MEDIUM HUMAN DEVELOPMENT
Bangladesh;2011;142;0.559;154358;45 [38-55];MEDIUM HUMAN DEVELOPMENT
Bangladesh;2012;142;0.563;168683;49 [41-59];MEDIUM HUMAN DEVELOPMENT
Bangladesh;2013;142;0.567;;;MEDIUM HUMAN DEVELOPMENT
Bangladesh;2014;142;0.570;;;MEDIUM HUMAN DEVELOPMENT
Cambodia;1990;143;0.364;6501;12 [9.4-17];MEDIUM HUMAN DEVELOPMENT
Cambodia;2000;143;0.419;18891;27 [22-34];MEDIUM HUMAN DEVELOPMENT
Cambodia;2010;143;0.536;40460;64 [56-75];MEDIUM HUMAN DEVELOPMENT
Cambodia;2011;143;0.541;38555;62 [54-73];MEDIUM HUMAN DEVELOPMENT
Cambodia;2012;143;0.546;40185;66 [57-77];MEDIUM HUMAN DEVELOPMENT
Cambodia;2013;143;0.550;;;MEDIUM HUMAN DEVELOPMENT
Cambodia;2014;143;0.555;;;MEDIUM HUMAN DEVELOPMENT
Sao Tome and Principe;1990;143;0.455;17;11 [7.3-17];MEDIUM HUMAN DEVELOPMENT
Sao Tome and Principe;2000;143;0.491;97;61 [51-75];MEDIUM HUMAN DEVELOPMENT
Sao Tome and Principe;2010;143;0.544;121;71 [59-86];MEDIUM HUMAN DEVELOPMENT
Sao Tome and Principe;2011;143;0.548;136;79 [66-96];MEDIUM HUMAN DEVELOPMENT
Sao Tome and Principe;2012;143;0.552;115;66 [55-80];MEDIUM HUMAN DEVELOPMENT
Sao Tome and Principe;2013;143;0.553;;;MEDIUM HUMAN DEVELOPMENT
Sao Tome and Principe;2014;143;0.555;;;MEDIUM HUMAN DEVELOPMENT
Kenya;1990;145;0.473;11788;36 [32-41];LOW HUMAN DEVELOPMENT
Kenya;2000;145;0.447;64159;72 [67-77];LOW HUMAN DEVELOPMENT
Kenya;2010;145;0.529;99272;81 [78-85];LOW HUMAN DEVELOPMENT
Kenya;2011;145;0.535;97320;80 [77-84];LOW HUMAN DEVELOPMENT
Kenya;2012;145;0.539;92987;79 [76-83];LOW HUMAN DEVELOPMENT
Kenya;2013;145;0.544;;;LOW HUMAN DEVELOPMENT
Kenya;2014;145;0.548;;;LOW HUMAN DEVELOPMENT
Nepal;1990;145;0.384;10142;34 [23-56];LOW HUMAN DEVELOPMENT
Nepal;2000;145;0.451;29519;78 [65-95];LOW HUMAN DEVELOPMENT
Nepal;2010;145;0.531;35114;80 [67-97];LOW HUMAN DEVELOPMENT
Nepal;2011;145;0.536;35434;80 [67-97];LOW HUMAN DEVELOPMENT
Nepal;2012;145;0.540;35195;78 [66-95];LOW HUMAN DEVELOPMENT
Nepal;2013;145;0.543;;;LOW HUMAN DEVELOPMENT
Nepal;2014;145;0.548;;;LOW HUMAN DEVELOPMENT
Pakistan;1990;147;0.399;156759;61 [41-99];LOW HUMAN DEVELOPMENT
Pakistan;2000;147;0.444;11050;3.3 [2.8-4.1];LOW HUMAN DEVELOPMENT
Pakistan;2010;147;0.522;264235;66 [55-80];LOW HUMAN DEVELOPMENT
Pakistan;2011;147;0.527;264934;65 [54-79];LOW HUMAN DEVELOPMENT
Pakistan;2012;147;0.532;267475;65 [54-78];LOW HUMAN DEVELOPMENT
Pakistan;2013;147;0.536;;;LOW HUMAN DEVELOPMENT
Pakistan;2014;147;0.538;;;LOW HUMAN DEVELOPMENT
Myanmar;1990;148;0.352;12416;7.5 [5.8-10];LOW HUMAN DEVELOPMENT
Myanmar;2000;148;0.425;30840;15 [13-19];LOW HUMAN DEVELOPMENT
Myanmar;2010;148;0.520;131590;66 [57-77];LOW HUMAN DEVELOPMENT
Myanmar;2011;148;0.524;136737;69 [59-80];LOW HUMAN DEVELOPMENT
Myanmar;2012;148;0.528;141170;71 [62-83];LOW HUMAN DEVELOPMENT
Myanmar;2013;148;0.531;;;LOW HUMAN DEVELOPMENT
Myanmar;2014;148;0.536;;;LOW HUMAN DEVELOPMENT
Angola;1990;149;..;10271;48 [33-78];LOW HUMAN DEVELOPMENT
Angola;2000;149;0.390;16062;46 [38-56];LOW HUMAN DEVELOPMENT
Angola;2010;149;0.509;44655;75 [64-89];LOW HUMAN DEVELOPMENT
Angola;2011;149;0.521;47240;76 [65-90];LOW HUMAN DEVELOPMENT
Angola;2012;149;0.524;51819;79 [67-94];LOW HUMAN DEVELOPMENT
Angola;2013;149;0.530;;;LOW HUMAN DEVELOPMENT
Angola;2014;149;0.532;;;LOW HUMAN DEVELOPMENT
Swaziland;1990;150;0.536;;;LOW HUMAN DEVELOPMENT
Swaziland;2000;150;0.496;5877;69 [57-84];LOW HUMAN DEVELOPMENT
Swaziland;2010;150;0.525;10101;66 [55-80];LOW HUMAN DEVELOPMENT
Swaziland;2011;150;0.528;8337;52 [44-63];LOW HUMAN DEVELOPMENT
Swaziland;2012;150;0.529;7165;43 [36-52];LOW HUMAN DEVELOPMENT
Swaziland;2013;150;0.530;;;LOW HUMAN DEVELOPMENT
Swaziland;2014;150;0.531;;;LOW HUMAN DEVELOPMENT
Tanzania (United Republic of);1990;151;0.369;;;LOW HUMAN DEVELOPMENT
Tanzania (United Republic of);2000;151;0.392;;;LOW HUMAN DEVELOPMENT
Tanzania (United Republic of);2010;151;0.500;;;LOW HUMAN DEVELOPMENT
Tanzania (United Republic of);2011;151;0.506;;;LOW HUMAN DEVELOPMENT
Tanzania (United Republic of);2012;151;0.510;;;LOW HUMAN DEVELOPMENT
Tanzania (United Republic of);2013;151;0.516;;;LOW HUMAN DEVELOPMENT
Tanzania (United Republic of);2014;151;0.521;;;LOW HUMAN DEVELOPMENT
Nigeria;1990;152;..;20122;16 [4-1600];LOW HUMAN DEVELOPMENT
Nigeria;2000;152;..;25821;12 [3.9-170];LOW HUMAN DEVELOPMENT
Nigeria;2010;152;0.493;84121;40 [23-82];LOW HUMAN DEVELOPMENT
Nigeria;2011;152;0.499;86778;45 [26-95];LOW HUMAN DEVELOPMENT
Nigeria;2012;152;0.505;92818;51 [29-110];LOW HUMAN DEVELOPMENT
Nigeria;2013;152;0.510;;;LOW HUMAN DEVELOPMENT
Nigeria;2014;152;0.514;;;LOW HUMAN DEVELOPMENT
Cameroon;1990;153;0.443;5892;44 [37-53];LOW HUMAN DEVELOPMENT
Cameroon;2000;153;0.437;5251;11 [8.9-13];LOW HUMAN DEVELOPMENT
Cameroon;2010;153;0.486;24073;43 [36-52];LOW HUMAN DEVELOPMENT
Cameroon;2011;153;0.496;24533;48 [40-58];LOW HUMAN DEVELOPMENT
Cameroon;2012;153;0.501;24802;48 [40-58];LOW HUMAN DEVELOPMENT
Cameroon;2013;153;0.507;;;LOW HUMAN DEVELOPMENT
Cameroon;2014;153;0.512;;;LOW HUMAN DEVELOPMENT
Madagascar;1990;154;..;6261;14 [12-17];LOW HUMAN DEVELOPMENT
Madagascar;2000;154;0.456;;;LOW HUMAN DEVELOPMENT
Madagascar;2010;154;0.504;24432;48 [40-58];LOW HUMAN DEVELOPMENT
Madagascar;2011;154;0.505;26019;50 [42-61];LOW HUMAN DEVELOPMENT
Madagascar;2012;154;0.507;25782;49 [41-60];LOW HUMAN DEVELOPMENT
Madagascar;2013;154;0.508;;;LOW HUMAN DEVELOPMENT
Madagascar;2014;154;0.510;;;LOW HUMAN DEVELOPMENT
Zimbabwe;1990;155;0.499;9132;29 [18-55];LOW HUMAN DEVELOPMENT
Zimbabwe;2000;155;0.428;50855;56 [45-71];LOW HUMAN DEVELOPMENT
Zimbabwe;2010;155;0.461;44209;53 [43-69];LOW HUMAN DEVELOPMENT
Zimbabwe;2011;155;0.474;38404;48 [38-62];LOW HUMAN DEVELOPMENT
Zimbabwe;2012;155;0.491;35760;46 [37-60];LOW HUMAN DEVELOPMENT
Zimbabwe;2013;155;0.501;;;LOW HUMAN DEVELOPMENT
Zimbabwe;2014;155;0.509;;;LOW HUMAN DEVELOPMENT
Mauritania;1990;156;0.373;5284;110 [78-190];LOW HUMAN DEVELOPMENT
Mauritania;2000;156;0.442;3067;41 [34-50];LOW HUMAN DEVELOPMENT
Mauritania;2010;156;0.488;2461;20 [17-25];LOW HUMAN DEVELOPMENT
Mauritania;2011;156;0.489;1804;14 [12-17];LOW HUMAN DEVELOPMENT
Mauritania;2012;156;0.498;2616;20 [16-24];LOW HUMAN DEVELOPMENT
Mauritania;2013;156;0.504;;;LOW HUMAN DEVELOPMENT
Mauritania;2014;156;0.506;;;LOW HUMAN DEVELOPMENT
Solomon Islands;1990;156;..;382;39 [27-64];LOW HUMAN DEVELOPMENT
Solomon Islands;2000;156;0.446;302;40 [33-49];LOW HUMAN DEVELOPMENT
Solomon Islands;2010;156;0.494;338;59 [50-72];LOW HUMAN DEVELOPMENT
Solomon Islands;2011;156;0.501;398;72 [60-87];LOW HUMAN DEVELOPMENT
Solomon Islands;2012;156;0.504;361;67 [57-82];LOW HUMAN DEVELOPMENT
Solomon Islands;2013;156;0.505;;;LOW HUMAN DEVELOPMENT
Solomon Islands;2014;156;0.506;;;LOW HUMAN DEVELOPMENT
Papua New Guinea;1990;158;0.353;2497;19 [14-30];LOW HUMAN DEVELOPMENT
Papua New Guinea;2000;158;0.424;10520;56 [40-85];LOW HUMAN DEVELOPMENT
Papua New Guinea;2010;158;0.493;14531;61 [43-92];LOW HUMAN DEVELOPMENT
Papua New Guinea;2011;158;0.497;14893;61 [44-93];LOW HUMAN DEVELOPMENT
Papua New Guinea;2012;158;0.501;20557;82 [59-120];LOW HUMAN DEVELOPMENT
Papua New Guinea;2013;158;0.503;;;LOW HUMAN DEVELOPMENT
Papua New Guinea;2014;158;0.505;;;LOW HUMAN DEVELOPMENT
Comoros;1990;159;..;140;63 [53-76];LOW HUMAN DEVELOPMENT
Comoros;2000;159;..;120;58 [49-71];LOW HUMAN DEVELOPMENT
Comoros;2010;159;0.488;;;LOW HUMAN DEVELOPMENT
Comoros;2011;159;0.493;117;49 [41-59];LOW HUMAN DEVELOPMENT
Comoros;2012;159;0.499;120;49 [41-59];LOW HUMAN DEVELOPMENT
Comoros;2013;159;0.501;;;LOW HUMAN DEVELOPMENT
Comoros;2014;159;0.503;;;LOW HUMAN DEVELOPMENT
Yemen;1990;160;0.400;4650;29 [20-47];LOW HUMAN DEVELOPMENT
Yemen;2000;160;0.441;13651;67 [56-83];LOW HUMAN DEVELOPMENT
Yemen;2010;160;0.496;8916;80 [67-97];LOW HUMAN DEVELOPMENT
Yemen;2011;160;0.495;8636;76 [64-92];LOW HUMAN DEVELOPMENT
Yemen;2012;160;0.496;9867;85 [71-100];LOW HUMAN DEVELOPMENT
Yemen;2013;160;0.498;;;LOW HUMAN DEVELOPMENT
Yemen;2014;160;0.498;;;LOW HUMAN DEVELOPMENT
Lesotho;1990;161;0.493;2525;86 [66-120];LOW HUMAN DEVELOPMENT
Lesotho;2000;161;0.443;9746;95 [84-110];LOW HUMAN DEVELOPMENT
Lesotho;2010;161;0.472;11674;92 [81-110];LOW HUMAN DEVELOPMENT
Lesotho;2011;161;0.480;11561;90 [79-100];LOW HUMAN DEVELOPMENT
Lesotho;2012;161;0.484;10776;83 [73-95];LOW HUMAN DEVELOPMENT
Lesotho;2013;161;0.494;;;LOW HUMAN DEVELOPMENT
Lesotho;2014;161;0.497;;;LOW HUMAN DEVELOPMENT
Togo;1990;162;0.404;1324;74 [62-90];LOW HUMAN DEVELOPMENT
Togo;2000;162;0.426;1409;40 [34-49];LOW HUMAN DEVELOPMENT
Togo;2010;162;0.459;2791;61 [51-74];LOW HUMAN DEVELOPMENT
Togo;2011;162;0.468;2888;61 [51-74];LOW HUMAN DEVELOPMENT
Togo;2012;162;0.470;2843;59 [49-71];LOW HUMAN DEVELOPMENT
Togo;2013;162;0.473;;;LOW HUMAN DEVELOPMENT
Togo;2014;162;0.484;;;LOW HUMAN DEVELOPMENT
Haiti;1990;163;0.417;;;LOW HUMAN DEVELOPMENT
Haiti;2000;163;0.442;10420;45 [37-55];LOW HUMAN DEVELOPMENT
Haiti;2010;163;0.471;14222;62 [52-76];LOW HUMAN DEVELOPMENT
Haiti;2011;163;0.475;14315;64 [54-78];LOW HUMAN DEVELOPMENT
Haiti;2012;163;0.479;16568;76 [64-93];LOW HUMAN DEVELOPMENT
Haiti;2013;163;0.481;;;LOW HUMAN DEVELOPMENT
Haiti;2014;163;0.483;;;LOW HUMAN DEVELOPMENT
Rwanda;1990;163;0.244;6387;30 [27-34];LOW HUMAN DEVELOPMENT
Rwanda;2000;163;0.333;6093;22 [20-25];LOW HUMAN DEVELOPMENT
Rwanda;2010;163;0.453;6703;59 [53-66];LOW HUMAN DEVELOPMENT
Rwanda;2011;163;0.464;6623;63 [57-71];LOW HUMAN DEVELOPMENT
Rwanda;2012;163;0.476;6091;62 [56-69];LOW HUMAN DEVELOPMENT
Rwanda;2013;163;0.479;;;LOW HUMAN DEVELOPMENT
Rwanda;2014;163;0.483;;;LOW HUMAN DEVELOPMENT
Uganda;1990;163;0.308;14740;13 [8.3-26];LOW HUMAN DEVELOPMENT
Uganda;2000;163;0.393;30372;29 [20-48];LOW HUMAN DEVELOPMENT
Uganda;2010;163;0.473;42885;60 [50-75];LOW HUMAN DEVELOPMENT
Uganda;2011;163;0.473;46306;68 [56-84];LOW HUMAN DEVELOPMENT
Uganda;2012;163;0.476;44663;69 [57-85];LOW HUMAN DEVELOPMENT
Uganda;2013;163;0.478;;;LOW HUMAN DEVELOPMENT
Uganda;2014;163;0.483;;;LOW HUMAN DEVELOPMENT
Benin;1990;166;0.344;2074;32 [27-39];LOW HUMAN DEVELOPMENT
Benin;2000;166;0.392;2697;45 [38-55];LOW HUMAN DEVELOPMENT
Benin;2010;166;0.468;3756;57 [48-69];LOW HUMAN DEVELOPMENT
Benin;2011;166;0.473;4212;62 [52-75];LOW HUMAN DEVELOPMENT
Benin;2012;166;0.475;3966;57 [48-68];LOW HUMAN DEVELOPMENT
Benin;2013;166;0.477;;;LOW HUMAN DEVELOPMENT
Benin;2014;166;0.480;;;LOW HUMAN DEVELOPMENT
Sudan;1990;167;0.331;212;0.48 [0.41-0.59];LOW HUMAN DEVELOPMENT
Sudan;2000;167;0.400;24807;50 [42-61];LOW HUMAN DEVELOPMENT
Sudan;2010;167;0.465;26131;48 [40-58];LOW HUMAN DEVELOPMENT
Sudan;2011;167;0.466;19348;46 [38-55];LOW HUMAN DEVELOPMENT
Sudan;2012;167;0.476;18775;44 [37-54];LOW HUMAN DEVELOPMENT
Sudan;2013;167;0.477;;;LOW HUMAN DEVELOPMENT
Sudan;2014;167;0.479;;;LOW HUMAN DEVELOPMENT
Djibouti;1990;168;..;2100;57 [40-90];LOW HUMAN DEVELOPMENT
Djibouti;2000;168;0.365;3971;89 [76-100];LOW HUMAN DEVELOPMENT
Djibouti;2010;168;0.453;4172;81 [68-98];LOW HUMAN DEVELOPMENT
Djibouti;2011;168;0.462;3686;70 [59-85];LOW HUMAN DEVELOPMENT
Djibouti;2012;168;0.465;3474;65 [55-79];LOW HUMAN DEVELOPMENT
Djibouti;2013;168;0.468;;;LOW HUMAN DEVELOPMENT
Djibouti;2014;168;0.470;;;LOW HUMAN DEVELOPMENT
South Sudan;1990;169;..;;;LOW HUMAN DEVELOPMENT
South Sudan;2000;169;..;;;LOW HUMAN DEVELOPMENT
South Sudan;2010;169;0.470;;;LOW HUMAN DEVELOPMENT
South Sudan;2011;169;0.458;7217;48 [40-58];LOW HUMAN DEVELOPMENT
South Sudan;2012;169;0.457;8403;53 [45-64];LOW HUMAN DEVELOPMENT
South Sudan;2013;169;0.461;;;LOW HUMAN DEVELOPMENT
South Sudan;2014;169;0.467;;;LOW HUMAN DEVELOPMENT
Senegal;1990;170;0.367;4977;48 [40-58];LOW HUMAN DEVELOPMENT
Senegal;2000;170;0.380;8508;56 [47-68];LOW HUMAN DEVELOPMENT
Senegal;2010;170;0.456;11061;63 [52-76];LOW HUMAN DEVELOPMENT
Senegal;2011;170;0.458;11022;61 [51-74];LOW HUMAN DEVELOPMENT
Senegal;2012;170;0.461;12265;65 [55-79];LOW HUMAN DEVELOPMENT
Senegal;2013;170;0.463;;;LOW HUMAN DEVELOPMENT
Senegal;2014;170;0.466;;;LOW HUMAN DEVELOPMENT
Afghanistan;1990;171;0.297;4332;20 [13-32];LOW HUMAN DEVELOPMENT
Afghanistan;2000;171;0.334;7107;18 [15-22];LOW HUMAN DEVELOPMENT
Afghanistan;2010;171;0.448;28029;52 [44-63];LOW HUMAN DEVELOPMENT
Afghanistan;2011;171;0.456;27983;51 [43-62];LOW HUMAN DEVELOPMENT
Afghanistan;2012;171;0.463;29381;52 [44-63];LOW HUMAN DEVELOPMENT
Afghanistan;2013;171;0.464;;;LOW HUMAN DEVELOPMENT
Afghanistan;2014;171;0.465;;;LOW HUMAN DEVELOPMENT
C?te d'Ivoire;1990;172;0.389;;;LOW HUMAN DEVELOPMENT
C?te d'Ivoire;2000;172;0.398;;;LOW HUMAN DEVELOPMENT
C?te d'Ivoire;2010;172;0.444;;;LOW HUMAN DEVELOPMENT
C?te d'Ivoire;2011;172;0.445;;;LOW HUMAN DEVELOPMENT
C?te d'Ivoire;2012;172;0.452;;;LOW HUMAN DEVELOPMENT
C?te d'Ivoire;2013;172;0.458;;;LOW HUMAN DEVELOPMENT
C?te d'Ivoire;2014;172;0.462;;;LOW HUMAN DEVELOPMENT
Malawi;1990;173;0.284;12395;40 [30-57];LOW HUMAN DEVELOPMENT
Malawi;2000;173;0.340;23604;45 [38-54];LOW HUMAN DEVELOPMENT
Malawi;2010;173;0.420;21092;64 [59-69];LOW HUMAN DEVELOPMENT
Malawi;2011;173;0.429;19361;66 [61-71];LOW HUMAN DEVELOPMENT
Malawi;2012;173;0.433;20335;78 [73-85];LOW HUMAN DEVELOPMENT
Malawi;2013;173;0.439;;;LOW HUMAN DEVELOPMENT
Malawi;2014;173;0.445;;;LOW HUMAN DEVELOPMENT
Ethiopia;1990;174;..;88634;50 [33-85];LOW HUMAN DEVELOPMENT
Ethiopia;2000;174;0.284;91101;33 [22-55];LOW HUMAN DEVELOPMENT
Ethiopia;2010;174;0.412;154694;66 [49-93];LOW HUMAN DEVELOPMENT
Ethiopia;2011;174;0.423;156539;68 [52-91];LOW HUMAN DEVELOPMENT
Ethiopia;2012;174;0.429;145323;64 [49-87];LOW HUMAN DEVELOPMENT
Ethiopia;2013;174;0.436;;;LOW HUMAN DEVELOPMENT
Ethiopia;2014;174;0.442;;;LOW HUMAN DEVELOPMENT
Gambia;1990;175;0.330;;;LOW HUMAN DEVELOPMENT
Gambia;2000;175;0.384;1553;56 [47-69];LOW HUMAN DEVELOPMENT
Gambia;2010;175;0.441;1989;43 [36-52];LOW HUMAN DEVELOPMENT
Gambia;2011;175;0.437;2302;48 [40-58];LOW HUMAN DEVELOPMENT
Gambia;2012;175;0.440;2333;46 [39-56];LOW HUMAN DEVELOPMENT
Gambia;2013;175;0.442;;;LOW HUMAN DEVELOPMENT
Gambia;2014;175;0.441;;;LOW HUMAN DEVELOPMENT
Congo (Democratic Republic of the);1990;176;0.355;;;LOW HUMAN DEVELOPMENT
Congo (Democratic Republic of the);2000;176;0.329;;;LOW HUMAN DEVELOPMENT
Congo (Democratic Republic of the);2010;176;0.408;;;LOW HUMAN DEVELOPMENT
Congo (Democratic Republic of the);2011;176;0.418;;;LOW HUMAN DEVELOPMENT
Congo (Democratic Republic of the);2012;176;0.423;;;LOW HUMAN DEVELOPMENT
Congo (Democratic Republic of the);2013;176;0.430;;;LOW HUMAN DEVELOPMENT
Congo (Democratic Republic of the);2014;176;0.433;;;LOW HUMAN DEVELOPMENT
Liberia;1990;177;..;;;LOW HUMAN DEVELOPMENT
Liberia;2000;177;0.359;1500;21 [18-26];LOW HUMAN DEVELOPMENT
Liberia;2010;177;0.405;6597;57 [48-69];LOW HUMAN DEVELOPMENT
Liberia;2011;177;0.414;7906;65 [54-79];LOW HUMAN DEVELOPMENT
Liberia;2012;177;0.419;8093;64 [53-77];LOW HUMAN DEVELOPMENT
Liberia;2013;177;0.424;;;LOW HUMAN DEVELOPMENT
Liberia;2014;177;0.430;;;LOW HUMAN DEVELOPMENT
Guinea-Bissau;1990;178;..;1163;73 [53-110];LOW HUMAN DEVELOPMENT
Guinea-Bissau;2000;178;..;1273;52 [43-64];LOW HUMAN DEVELOPMENT
Guinea-Bissau;2010;178;0.413;2183;59 [50-72];LOW HUMAN DEVELOPMENT
Guinea-Bissau;2011;178;0.417;2063;53 [45-65];LOW HUMAN DEVELOPMENT
Guinea-Bissau;2012;178;0.417;1939;48 [40-58];LOW HUMAN DEVELOPMENT
Guinea-Bissau;2013;178;0.418;;;LOW HUMAN DEVELOPMENT
Guinea-Bissau;2014;178;0.420;;;LOW HUMAN DEVELOPMENT
Mali;1990;179;0.233;2933;49 [46-51];LOW HUMAN DEVELOPMENT
Mali;2000;179;0.313;4216;53 [51-56];LOW HUMAN DEVELOPMENT
Mali;2010;179;0.409;5291;60 [57-63];LOW HUMAN DEVELOPMENT
Mali;2011;179;0.415;5428;61 [58-64];LOW HUMAN DEVELOPMENT
Mali;2012;179;0.414;5446;61 [58-64];LOW HUMAN DEVELOPMENT
Mali;2013;179;0.416;;;LOW HUMAN DEVELOPMENT
Mali;2014;179;0.419;;;LOW HUMAN DEVELOPMENT
Mozambique;1990;180;0.218;15899;29 [11-190];LOW HUMAN DEVELOPMENT
Mozambique;2000;180;0.300;21158;23 [13-51];LOW HUMAN DEVELOPMENT
Mozambique;2010;180;0.401;43558;33 [25-48];LOW HUMAN DEVELOPMENT
Mozambique;2011;180;0.405;44627;33 [24-48];LOW HUMAN DEVELOPMENT
Mozambique;2012;180;0.408;47741;34 [25-50];LOW HUMAN DEVELOPMENT
Mozambique;2013;180;0.413;;;LOW HUMAN DEVELOPMENT
Mozambique;2014;180;0.416;;;LOW HUMAN DEVELOPMENT
Sierra Leone;1990;181;0.262;632;7.5 [5.1-12];LOW HUMAN DEVELOPMENT
Sierra Leone;2000;181;0.299;3760;34 [27-46];LOW HUMAN DEVELOPMENT
Sierra Leone;2010;181;0.388;12859;34 [28-41];LOW HUMAN DEVELOPMENT
Sierra Leone;2011;181;0.394;12734;32 [27-40];LOW HUMAN DEVELOPMENT
Sierra Leone;2012;181;0.397;13074;32 [27-40];LOW HUMAN DEVELOPMENT
Sierra Leone;2013;181;0.408;;;LOW HUMAN DEVELOPMENT
Sierra Leone;2014;181;0.413;;;LOW HUMAN DEVELOPMENT
Guinea;1990;182;..;1988;13 [11-16];LOW HUMAN DEVELOPMENT
Guinea;2000;182;0.323;5440;27 [22-32];LOW HUMAN DEVELOPMENT
Guinea;2010;182;0.388;11038;54 [45-66];LOW HUMAN DEVELOPMENT
Guinea;2011;182;0.399;11359;55 [47-67];LOW HUMAN DEVELOPMENT
Guinea;2012;182;0.409;11407;56 [47-68];LOW HUMAN DEVELOPMENT
Guinea;2013;182;0.411;;;LOW HUMAN DEVELOPMENT
Guinea;2014;182;0.411;;;LOW HUMAN DEVELOPMENT
Burkina Faso;1990;183;..;1497;20 [17-23];LOW HUMAN DEVELOPMENT
Burkina Faso;2000;183;..;2331;28 [24-33];LOW HUMAN DEVELOPMENT
Burkina Faso;2010;183;0.378;4800;54 [46-63];LOW HUMAN DEVELOPMENT
Burkina Faso;2011;183;0.385;5286;58 [50-68];LOW HUMAN DEVELOPMENT
Burkina Faso;2012;183;0.393;5210;58 [50-69];LOW HUMAN DEVELOPMENT
Burkina Faso;2013;183;0.396;;;LOW HUMAN DEVELOPMENT
Burkina Faso;2014;183;0.402;;;LOW HUMAN DEVELOPMENT
Burundi;1990;184;0.295;4575;50 [45-57];LOW HUMAN DEVELOPMENT
Burundi;2000;184;0.301;6421;33 [30-38];LOW HUMAN DEVELOPMENT
Burundi;2010;184;0.390;7611;57 [51-65];LOW HUMAN DEVELOPMENT
Burundi;2011;184;0.392;6742;51 [45-58];LOW HUMAN DEVELOPMENT
Burundi;2012;184;0.395;6921;54 [48-62];LOW HUMAN DEVELOPMENT
Burundi;2013;184;0.397;;;LOW HUMAN DEVELOPMENT
Burundi;2014;184;0.400;;;LOW HUMAN DEVELOPMENT
Chad;1990;185;..;2591;46 [39-56];LOW HUMAN DEVELOPMENT
Chad;2000;185;0.332;;;LOW HUMAN DEVELOPMENT
Chad;2010;185;0.371;9452;53 [45-65];LOW HUMAN DEVELOPMENT
Chad;2011;185;0.382;10505;58 [48-70];LOW HUMAN DEVELOPMENT
Chad;2012;185;0.386;10585;56 [47-68];LOW HUMAN DEVELOPMENT
Chad;2013;185;0.388;;;LOW HUMAN DEVELOPMENT
Chad;2014;185;0.392;;;LOW HUMAN DEVELOPMENT
Eritrea;1990;186;..;3699;46 [33-70];LOW HUMAN DEVELOPMENT
Eritrea;2000;186;..;6652;110 [77-160];LOW HUMAN DEVELOPMENT
Eritrea;2010;186;0.381;2870;50 [36-75];LOW HUMAN DEVELOPMENT
Eritrea;2011;186;0.386;3049;53 [38-80];LOW HUMAN DEVELOPMENT
Eritrea;2012;186;0.390;3143;55 [39-83];LOW HUMAN DEVELOPMENT
Eritrea;2013;186;0.390;;;LOW HUMAN DEVELOPMENT
Eritrea;2014;186;0.391;;;LOW HUMAN DEVELOPMENT
Central African Republic;1990;187;0.314;2124;8.5 [7.1-10];LOW HUMAN DEVELOPMENT
Central African Republic;2000;187;0.310;;;LOW HUMAN DEVELOPMENT
Central African Republic;2010;187;0.362;6643;35 [30-43];LOW HUMAN DEVELOPMENT
Central African Republic;2011;187;0.368;5611;32 [27-38];LOW HUMAN DEVELOPMENT
Central African Republic;2012;187;0.373;8084;49 [41-59];LOW HUMAN DEVELOPMENT
Central African Republic;2013;187;0.348;;;LOW HUMAN DEVELOPMENT
Central African Republic;2014;187;0.350;;;LOW HUMAN DEVELOPMENT
Niger;1990;188;0.214;5200;19 [16-23];LOW HUMAN DEVELOPMENT
Niger;2000;188;0.257;4701;22 [19-27];LOW HUMAN DEVELOPMENT
Niger;2010;188;0.326;10130;56 [47-68];LOW HUMAN DEVELOPMENT
Niger;2011;188;0.333;10510;59 [49-71];LOW HUMAN DEVELOPMENT
Niger;2012;188;0.342;10989;62 [52-75];LOW HUMAN DEVELOPMENT
Niger;2013;188;0.345;;;LOW HUMAN DEVELOPMENT
Niger;2014;188;0.348;;;LOW HUMAN DEVELOPMENT
